match,commence_time,market,selection,book,price,captured_at
USA vs Australia,2026-06-19T19:00:00Z,1x2,home,pinnacle,1.6,2026-06-18T21:34:32-06:00
USA vs Australia,2026-06-19T19:00:00Z,1x2,draw,pinnacle,4.47,2026-06-18T21:34:32-06:00
USA vs Australia,2026-06-19T19:00:00Z,1x2,away,pinnacle,5.31,2026-06-18T21:34:32-06:00
USA vs Australia,2026-06-19T19:00:00Z,ou_2.5,over,pinnacle,1.98,2026-06-18T21:34:32-06:00
USA vs Australia,2026-06-19T19:00:00Z,ou_2.5,under,pinnacle,1.91,2026-06-18T21:34:32-06:00
USA vs Australia,2026-06-19T19:00:00Z,1x2,home,best,1.66,2026-06-18T21:34:32-06:00
USA vs Australia,2026-06-19T19:00:00Z,1x2,draw,best,4.6,2026-06-18T21:34:32-06:00
USA vs Australia,2026-06-19T19:00:00Z,1x2,away,best,5.8,2026-06-18T21:34:32-06:00
USA vs Australia,2026-06-19T19:00:00Z,ou_2.5,over,best,2.02,2026-06-18T21:34:32-06:00
USA vs Australia,2026-06-19T19:00:00Z,ou_2.5,under,best,1.97,2026-06-18T21:34:32-06:00
Scotland vs Morocco,2026-06-19T22:00:00Z,1x2,home,pinnacle,5.32,2026-06-18T21:34:32-06:00
Scotland vs Morocco,2026-06-19T22:00:00Z,1x2,draw,pinnacle,3.64,2026-06-18T21:34:32-06:00
Scotland vs Morocco,2026-06-19T22:00:00Z,1x2,away,pinnacle,1.74,2026-06-18T21:34:32-06:00
Scotland vs Morocco,2026-06-19T22:00:00Z,1x2,home,best,6.0,2026-06-18T21:34:32-06:00
Scotland vs Morocco,2026-06-19T22:00:00Z,1x2,draw,best,3.7,2026-06-18T21:34:32-06:00
Scotland vs Morocco,2026-06-19T22:00:00Z,1x2,away,best,1.81,2026-06-18T21:34:32-06:00
Scotland vs Morocco,2026-06-19T22:00:00Z,ou_2.5,over,best,2.3,2026-06-18T21:34:32-06:00
Scotland vs Morocco,2026-06-19T22:00:00Z,ou_2.5,under,best,1.7,2026-06-18T21:34:32-06:00
Brazil vs Haiti,2026-06-20T00:30:00Z,1x2,home,pinnacle,1.1,2026-06-18T21:34:32-06:00
Brazil vs Haiti,2026-06-20T00:30:00Z,1x2,draw,pinnacle,10.78,2026-06-18T21:34:32-06:00
Brazil vs Haiti,2026-06-20T00:30:00Z,1x2,away,pinnacle,20.2,2026-06-18T21:34:32-06:00
Brazil vs Haiti,2026-06-20T00:30:00Z,1x2,home,best,1.13,2026-06-18T21:34:32-06:00
Brazil vs Haiti,2026-06-20T00:30:00Z,1x2,draw,best,13.2,2026-06-18T21:34:32-06:00
Brazil vs Haiti,2026-06-20T00:30:00Z,1x2,away,best,31.0,2026-06-18T21:34:32-06:00
Brazil vs Haiti,2026-06-20T00:30:00Z,ou_2.5,over,best,1.32,2026-06-18T21:34:32-06:00
Brazil vs Haiti,2026-06-20T00:30:00Z,ou_2.5,under,best,3.45,2026-06-18T21:34:32-06:00
Turkey vs Paraguay,2026-06-20T03:00:00Z,1x2,home,pinnacle,2.08,2026-06-18T21:34:32-06:00
Turkey vs Paraguay,2026-06-20T03:00:00Z,1x2,draw,pinnacle,3.44,2026-06-18T21:34:32-06:00
Turkey vs Paraguay,2026-06-20T03:00:00Z,1x2,away,pinnacle,3.81,2026-06-18T21:34:32-06:00
Turkey vs Paraguay,2026-06-20T03:00:00Z,1x2,home,best,2.12,2026-06-18T21:34:32-06:00
Turkey vs Paraguay,2026-06-20T03:00:00Z,1x2,draw,best,3.5,2026-06-18T21:34:32-06:00
Turkey vs Paraguay,2026-06-20T03:00:00Z,1x2,away,best,4.2,2026-06-18T21:34:32-06:00
Turkey vs Paraguay,2026-06-20T03:00:00Z,ou_2.5,over,best,2.16,2026-06-18T21:34:32-06:00
Turkey vs Paraguay,2026-06-20T03:00:00Z,ou_2.5,under,best,1.84,2026-06-18T21:34:32-06:00
Netherlands vs Sweden,2026-06-20T17:00:00Z,1x2,home,pinnacle,1.78,2026-06-18T21:34:32-06:00
Netherlands vs Sweden,2026-06-20T17:00:00Z,1x2,draw,pinnacle,3.95,2026-06-18T21:34:32-06:00
Netherlands vs Sweden,2026-06-20T17:00:00Z,1x2,away,pinnacle,4.55,2026-06-18T21:34:32-06:00
Netherlands vs Sweden,2026-06-20T17:00:00Z,1x2,home,best,1.82,2026-06-18T21:34:32-06:00
Netherlands vs Sweden,2026-06-20T17:00:00Z,1x2,draw,best,4.0,2026-06-18T21:34:32-06:00
Netherlands vs Sweden,2026-06-20T17:00:00Z,1x2,away,best,5.0,2026-06-18T21:34:32-06:00
Netherlands vs Sweden,2026-06-20T17:00:00Z,ou_2.5,over,best,1.86,2026-06-18T21:34:32-06:00
Netherlands vs Sweden,2026-06-20T17:00:00Z,ou_2.5,under,best,2.1,2026-06-18T21:34:32-06:00
Germany vs Ivory Coast,2026-06-20T20:00:00Z,1x2,home,pinnacle,1.53,2026-06-18T21:34:32-06:00
Germany vs Ivory Coast,2026-06-20T20:00:00Z,1x2,draw,pinnacle,4.76,2026-06-18T21:34:32-06:00
Germany vs Ivory Coast,2026-06-20T20:00:00Z,1x2,away,pinnacle,5.75,2026-06-18T21:34:32-06:00
Germany vs Ivory Coast,2026-06-20T20:00:00Z,1x2,home,best,1.58,2026-06-18T21:34:32-06:00
Germany vs Ivory Coast,2026-06-20T20:00:00Z,1x2,draw,best,4.8,2026-06-18T21:34:32-06:00
Germany vs Ivory Coast,2026-06-20T20:00:00Z,1x2,away,best,6.75,2026-06-18T21:34:32-06:00
Germany vs Ivory Coast,2026-06-20T20:00:00Z,ou_2.5,over,best,1.68,2026-06-18T21:34:32-06:00
Germany vs Ivory Coast,2026-06-20T20:00:00Z,ou_2.5,under,best,2.46,2026-06-18T21:34:32-06:00
Ecuador vs Curaçao,2026-06-21T00:00:00Z,1x2,home,pinnacle,1.1,2026-06-18T21:34:32-06:00
Ecuador vs Curaçao,2026-06-21T00:00:00Z,1x2,draw,pinnacle,9.98,2026-06-18T21:34:32-06:00
Ecuador vs Curaçao,2026-06-21T00:00:00Z,1x2,away,pinnacle,23.25,2026-06-18T21:34:32-06:00
Ecuador vs Curaçao,2026-06-21T00:00:00Z,1x2,home,best,1.14,2026-06-18T21:34:32-06:00
Ecuador vs Curaçao,2026-06-21T00:00:00Z,1x2,draw,best,11.5,2026-06-18T21:34:32-06:00
Ecuador vs Curaçao,2026-06-21T00:00:00Z,1x2,away,best,36.0,2026-06-18T21:34:32-06:00
Ecuador vs Curaçao,2026-06-21T00:00:00Z,ou_2.5,over,best,1.55,2026-06-18T21:34:32-06:00
Ecuador vs Curaçao,2026-06-21T00:00:00Z,ou_2.5,under,best,2.62,2026-06-18T21:34:32-06:00
Tunisia vs Japan,2026-06-21T04:00:00Z,1x2,home,pinnacle,6.87,2026-06-18T21:34:32-06:00
Tunisia vs Japan,2026-06-21T04:00:00Z,1x2,draw,pinnacle,4.2,2026-06-18T21:34:32-06:00
Tunisia vs Japan,2026-06-21T04:00:00Z,1x2,away,pinnacle,1.53,2026-06-18T21:34:32-06:00
Tunisia vs Japan,2026-06-21T04:00:00Z,1x2,home,best,7.5,2026-06-18T21:34:32-06:00
Tunisia vs Japan,2026-06-21T04:00:00Z,1x2,draw,best,4.4,2026-06-18T21:34:32-06:00
Tunisia vs Japan,2026-06-21T04:00:00Z,1x2,away,best,1.61,2026-06-18T21:34:32-06:00
Tunisia vs Japan,2026-06-21T04:00:00Z,ou_2.5,over,best,2.14,2026-06-18T21:34:32-06:00
Tunisia vs Japan,2026-06-21T04:00:00Z,ou_2.5,under,best,1.8,2026-06-18T21:34:32-06:00
Spain vs Saudi Arabia,2026-06-21T16:00:00Z,1x2,home,pinnacle,1.09,2026-06-18T21:34:32-06:00
Spain vs Saudi Arabia,2026-06-21T16:00:00Z,1x2,draw,pinnacle,10.44,2026-06-18T21:34:32-06:00
Spain vs Saudi Arabia,2026-06-21T16:00:00Z,1x2,away,pinnacle,24.77,2026-06-18T21:34:32-06:00
Spain vs Saudi Arabia,2026-06-21T16:00:00Z,1x2,home,best,1.15,2026-06-18T21:34:32-06:00
Spain vs Saudi Arabia,2026-06-21T16:00:00Z,1x2,draw,best,11.5,2026-06-18T21:34:32-06:00
Spain vs Saudi Arabia,2026-06-21T16:00:00Z,1x2,away,best,35.0,2026-06-18T21:34:32-06:00
Spain vs Saudi Arabia,2026-06-21T16:00:00Z,ou_2.5,over,best,1.52,2026-06-18T21:34:32-06:00
Spain vs Saudi Arabia,2026-06-21T16:00:00Z,ou_2.5,under,best,2.75,2026-06-18T21:34:32-06:00
Belgium vs Iran,2026-06-21T19:00:00Z,1x2,home,pinnacle,1.44,2026-06-18T21:34:32-06:00
Belgium vs Iran,2026-06-21T19:00:00Z,1x2,draw,pinnacle,4.69,2026-06-18T21:34:32-06:00
Belgium vs Iran,2026-06-21T19:00:00Z,1x2,away,pinnacle,7.64,2026-06-18T21:34:32-06:00
Belgium vs Iran,2026-06-21T19:00:00Z,ou_2.5,over,pinnacle,1.88,2026-06-18T21:34:32-06:00
Belgium vs Iran,2026-06-21T19:00:00Z,ou_2.5,under,pinnacle,2.01,2026-06-18T21:34:32-06:00
Belgium vs Iran,2026-06-21T19:00:00Z,1x2,home,best,1.48,2026-06-18T21:34:32-06:00
Belgium vs Iran,2026-06-21T19:00:00Z,1x2,draw,best,5.0,2026-06-18T21:34:32-06:00
Belgium vs Iran,2026-06-21T19:00:00Z,1x2,away,best,9.0,2026-06-18T21:34:32-06:00
Belgium vs Iran,2026-06-21T19:00:00Z,ou_2.5,over,best,1.9,2026-06-18T21:34:32-06:00
Belgium vs Iran,2026-06-21T19:00:00Z,ou_2.5,under,best,2.08,2026-06-18T21:34:32-06:00
Uruguay vs Cape Verde,2026-06-21T22:00:00Z,1x2,home,pinnacle,1.47,2026-06-18T21:34:32-06:00
Uruguay vs Cape Verde,2026-06-21T22:00:00Z,1x2,draw,pinnacle,4.25,2026-06-18T21:34:32-06:00
Uruguay vs Cape Verde,2026-06-21T22:00:00Z,1x2,away,pinnacle,8.22,2026-06-18T21:34:32-06:00
Uruguay vs Cape Verde,2026-06-21T22:00:00Z,1x2,home,best,1.53,2026-06-18T21:34:32-06:00
Uruguay vs Cape Verde,2026-06-21T22:00:00Z,1x2,draw,best,4.5,2026-06-18T21:34:32-06:00
Uruguay vs Cape Verde,2026-06-21T22:00:00Z,1x2,away,best,9.0,2026-06-18T21:34:32-06:00
Uruguay vs Cape Verde,2026-06-21T22:00:00Z,ou_2.5,over,best,2.34,2026-06-18T21:34:32-06:00
Uruguay vs Cape Verde,2026-06-21T22:00:00Z,ou_2.5,under,best,1.7,2026-06-18T21:34:32-06:00
New Zealand vs Egypt,2026-06-22T01:00:00Z,1x2,home,pinnacle,5.45,2026-06-18T21:34:32-06:00
New Zealand vs Egypt,2026-06-22T01:00:00Z,1x2,draw,pinnacle,4.24,2026-06-18T21:34:32-06:00
New Zealand vs Egypt,2026-06-22T01:00:00Z,1x2,away,pinnacle,1.62,2026-06-18T21:34:32-06:00
New Zealand vs Egypt,2026-06-22T01:00:00Z,1x2,home,best,6.0,2026-06-18T21:34:32-06:00
New Zealand vs Egypt,2026-06-22T01:00:00Z,1x2,draw,best,4.24,2026-06-18T21:34:32-06:00
New Zealand vs Egypt,2026-06-22T01:00:00Z,1x2,away,best,1.65,2026-06-18T21:34:32-06:00
New Zealand vs Egypt,2026-06-22T01:00:00Z,ou_2.5,over,best,2.25,2026-06-18T21:34:32-06:00
New Zealand vs Egypt,2026-06-22T01:00:00Z,ou_2.5,under,best,1.76,2026-06-18T21:34:32-06:00
Argentina vs Austria,2026-06-22T17:00:00Z,1x2,home,pinnacle,1.62,2026-06-18T21:34:32-06:00
Argentina vs Austria,2026-06-22T17:00:00Z,1x2,draw,pinnacle,3.88,2026-06-18T21:34:32-06:00
Argentina vs Austria,2026-06-22T17:00:00Z,1x2,away,pinnacle,6.12,2026-06-18T21:34:32-06:00
Argentina vs Austria,2026-06-22T17:00:00Z,ou_2.5,over,pinnacle,2.01,2026-06-18T21:34:32-06:00
Argentina vs Austria,2026-06-22T17:00:00Z,ou_2.5,under,pinnacle,1.88,2026-06-18T21:34:32-06:00
Argentina vs Austria,2026-06-22T17:00:00Z,1x2,home,best,1.65,2026-06-18T21:34:32-06:00
Argentina vs Austria,2026-06-22T17:00:00Z,1x2,draw,best,4.2,2026-06-18T21:34:32-06:00
Argentina vs Austria,2026-06-22T17:00:00Z,1x2,away,best,6.5,2026-06-18T21:34:32-06:00
Argentina vs Austria,2026-06-22T17:00:00Z,ou_2.5,over,best,2.02,2026-06-18T21:34:32-06:00
Argentina vs Austria,2026-06-22T17:00:00Z,ou_2.5,under,best,1.92,2026-06-18T21:34:32-06:00
France vs Iraq,2026-06-22T21:00:00Z,1x2,home,pinnacle,1.08,2026-06-18T21:34:32-06:00
France vs Iraq,2026-06-22T21:00:00Z,1x2,draw,pinnacle,11.31,2026-06-18T21:34:32-06:00
France vs Iraq,2026-06-22T21:00:00Z,1x2,away,pinnacle,28.26,2026-06-18T21:34:32-06:00
France vs Iraq,2026-06-22T21:00:00Z,1x2,home,best,1.12,2026-06-18T21:34:32-06:00
France vs Iraq,2026-06-22T21:00:00Z,1x2,draw,best,13.0,2026-06-18T21:34:32-06:00
France vs Iraq,2026-06-22T21:00:00Z,1x2,away,best,44.0,2026-06-18T21:34:32-06:00
France vs Iraq,2026-06-22T21:00:00Z,ou_2.5,over,best,1.39,2026-06-18T21:34:32-06:00
France vs Iraq,2026-06-22T21:00:00Z,ou_2.5,under,best,3.05,2026-06-18T21:34:32-06:00
Norway vs Senegal,2026-06-23T00:00:00Z,1x2,home,pinnacle,2.35,2026-06-18T21:34:32-06:00
Norway vs Senegal,2026-06-23T00:00:00Z,1x2,draw,pinnacle,3.58,2026-06-18T21:34:32-06:00
Norway vs Senegal,2026-06-23T00:00:00Z,1x2,away,pinnacle,3.05,2026-06-18T21:34:32-06:00
Norway vs Senegal,2026-06-23T00:00:00Z,ou_2.5,over,pinnacle,1.98,2026-06-18T21:34:32-06:00
Norway vs Senegal,2026-06-23T00:00:00Z,ou_2.5,under,pinnacle,1.91,2026-06-18T21:34:32-06:00
Norway vs Senegal,2026-06-23T00:00:00Z,1x2,home,best,2.42,2026-06-18T21:34:32-06:00
Norway vs Senegal,2026-06-23T00:00:00Z,1x2,draw,best,3.6,2026-06-18T21:34:32-06:00
Norway vs Senegal,2026-06-23T00:00:00Z,1x2,away,best,3.15,2026-06-18T21:34:32-06:00
Norway vs Senegal,2026-06-23T00:00:00Z,ou_2.5,over,best,2.0,2026-06-18T21:34:32-06:00
Norway vs Senegal,2026-06-23T00:00:00Z,ou_2.5,under,best,1.97,2026-06-18T21:34:32-06:00
Jordan vs Algeria,2026-06-23T03:00:00Z,1x2,home,pinnacle,5.92,2026-06-18T21:34:32-06:00
Jordan vs Algeria,2026-06-23T03:00:00Z,1x2,draw,pinnacle,4.21,2026-06-18T21:34:32-06:00
Jordan vs Algeria,2026-06-23T03:00:00Z,1x2,away,pinnacle,1.58,2026-06-18T21:34:32-06:00
Jordan vs Algeria,2026-06-23T03:00:00Z,ou_2.5,over,pinnacle,1.98,2026-06-18T21:34:32-06:00
Jordan vs Algeria,2026-06-23T03:00:00Z,ou_2.5,under,pinnacle,1.91,2026-06-18T21:34:32-06:00
Jordan vs Algeria,2026-06-23T03:00:00Z,1x2,home,best,6.5,2026-06-18T21:34:32-06:00
Jordan vs Algeria,2026-06-23T03:00:00Z,1x2,draw,best,4.4,2026-06-18T21:34:32-06:00
Jordan vs Algeria,2026-06-23T03:00:00Z,1x2,away,best,1.62,2026-06-18T21:34:32-06:00
Jordan vs Algeria,2026-06-23T03:00:00Z,ou_2.5,over,best,2.0,2026-06-18T21:34:32-06:00
Jordan vs Algeria,2026-06-23T03:00:00Z,ou_2.5,under,best,1.96,2026-06-18T21:34:32-06:00
Portugal vs Uzbekistan,2026-06-23T17:00:00Z,1x2,home,pinnacle,1.2,2026-06-18T21:34:32-06:00
Portugal vs Uzbekistan,2026-06-23T17:00:00Z,1x2,draw,pinnacle,7.13,2026-06-18T21:34:32-06:00
Portugal vs Uzbekistan,2026-06-23T17:00:00Z,1x2,away,pinnacle,15.66,2026-06-18T21:34:32-06:00
Portugal vs Uzbekistan,2026-06-23T17:00:00Z,1x2,home,best,1.25,2026-06-18T21:34:32-06:00
Portugal vs Uzbekistan,2026-06-23T17:00:00Z,1x2,draw,best,7.75,2026-06-18T21:34:32-06:00
Portugal vs Uzbekistan,2026-06-23T17:00:00Z,1x2,away,best,19.0,2026-06-18T21:34:32-06:00
Portugal vs Uzbekistan,2026-06-23T17:00:00Z,ou_2.5,over,best,1.63,2026-06-18T21:34:32-06:00
Portugal vs Uzbekistan,2026-06-23T17:00:00Z,ou_2.5,under,best,2.38,2026-06-18T21:34:32-06:00
England vs Ghana,2026-06-23T20:00:00Z,1x2,home,pinnacle,1.24,2026-06-18T21:34:32-06:00
England vs Ghana,2026-06-23T20:00:00Z,1x2,draw,pinnacle,6.54,2026-06-18T21:34:32-06:00
England vs Ghana,2026-06-23T20:00:00Z,1x2,away,pinnacle,13.42,2026-06-18T21:34:32-06:00
England vs Ghana,2026-06-23T20:00:00Z,1x2,home,best,1.25,2026-06-18T21:34:32-06:00
England vs Ghana,2026-06-23T20:00:00Z,1x2,draw,best,7.0,2026-06-18T21:34:32-06:00
England vs Ghana,2026-06-23T20:00:00Z,1x2,away,best,18.5,2026-06-18T21:34:32-06:00
England vs Ghana,2026-06-23T20:00:00Z,ou_2.5,over,best,1.7,2026-06-18T21:34:32-06:00
England vs Ghana,2026-06-23T20:00:00Z,ou_2.5,under,best,2.3,2026-06-18T21:34:32-06:00
Panama vs Croatia,2026-06-23T23:00:00Z,1x2,home,pinnacle,6.65,2026-06-18T21:34:32-06:00
Panama vs Croatia,2026-06-23T23:00:00Z,1x2,draw,pinnacle,4.0,2026-06-18T21:34:32-06:00
Panama vs Croatia,2026-06-23T23:00:00Z,1x2,away,pinnacle,1.57,2026-06-18T21:34:32-06:00
Panama vs Croatia,2026-06-23T23:00:00Z,ou_2.5,over,pinnacle,1.97,2026-06-18T21:34:32-06:00
Panama vs Croatia,2026-06-23T23:00:00Z,ou_2.5,under,pinnacle,1.92,2026-06-18T21:34:32-06:00
Panama vs Croatia,2026-06-23T23:00:00Z,1x2,home,best,7.5,2026-06-18T21:34:32-06:00
Panama vs Croatia,2026-06-23T23:00:00Z,1x2,draw,best,4.2,2026-06-18T21:34:32-06:00
Panama vs Croatia,2026-06-23T23:00:00Z,1x2,away,best,1.58,2026-06-18T21:34:32-06:00
Panama vs Croatia,2026-06-23T23:00:00Z,ou_2.5,over,best,2.06,2026-06-18T21:34:32-06:00
Panama vs Croatia,2026-06-23T23:00:00Z,ou_2.5,under,best,1.94,2026-06-18T21:34:32-06:00
Colombia vs DR Congo,2026-06-24T02:00:00Z,1x2,home,pinnacle,1.52,2026-06-18T21:34:32-06:00
Colombia vs DR Congo,2026-06-24T02:00:00Z,1x2,draw,pinnacle,4.26,2026-06-18T21:34:32-06:00
Colombia vs DR Congo,2026-06-24T02:00:00Z,1x2,away,pinnacle,6.97,2026-06-18T21:34:32-06:00
Colombia vs DR Congo,2026-06-24T02:00:00Z,1x2,home,best,1.55,2026-06-18T21:34:32-06:00
Colombia vs DR Congo,2026-06-24T02:00:00Z,1x2,draw,best,4.33,2026-06-18T21:34:32-06:00
Colombia vs DR Congo,2026-06-24T02:00:00Z,1x2,away,best,8.0,2026-06-18T21:34:32-06:00
Colombia vs DR Congo,2026-06-24T02:00:00Z,ou_2.5,over,best,2.23,2026-06-18T21:34:32-06:00
Colombia vs DR Congo,2026-06-24T02:00:00Z,ou_2.5,under,best,1.71,2026-06-18T21:34:32-06:00
Bosnia & Herzegovina vs Qatar,2026-06-24T19:00:00Z,1x2,home,pinnacle,1.4,2026-06-18T21:34:32-06:00
Bosnia & Herzegovina vs Qatar,2026-06-24T19:00:00Z,1x2,draw,pinnacle,4.75,2026-06-18T21:34:32-06:00
Bosnia & Herzegovina vs Qatar,2026-06-24T19:00:00Z,1x2,away,pinnacle,6.62,2026-06-18T21:34:32-06:00
Bosnia & Herzegovina vs Qatar,2026-06-24T19:00:00Z,1x2,home,best,1.47,2026-06-18T21:34:32-06:00
Bosnia & Herzegovina vs Qatar,2026-06-24T19:00:00Z,1x2,draw,best,5.1,2026-06-18T21:34:32-06:00
Bosnia & Herzegovina vs Qatar,2026-06-24T19:00:00Z,1x2,away,best,8.0,2026-06-18T21:34:32-06:00
Bosnia & Herzegovina vs Qatar,2026-06-24T19:00:00Z,ou_2.5,over,best,1.71,2026-06-18T21:34:32-06:00
Bosnia & Herzegovina vs Qatar,2026-06-24T19:00:00Z,ou_2.5,under,best,2.23,2026-06-18T21:34:32-06:00
Switzerland vs Canada,2026-06-24T19:00:00Z,1x2,home,pinnacle,2.48,2026-06-18T21:34:32-06:00
Switzerland vs Canada,2026-06-24T19:00:00Z,1x2,draw,pinnacle,2.92,2026-06-18T21:34:32-06:00
Switzerland vs Canada,2026-06-24T19:00:00Z,1x2,away,pinnacle,3.13,2026-06-18T21:34:32-06:00
Switzerland vs Canada,2026-06-24T19:00:00Z,1x2,home,best,2.51,2026-06-18T21:34:32-06:00
Switzerland vs Canada,2026-06-24T19:00:00Z,1x2,draw,best,3.25,2026-06-18T21:34:32-06:00
Switzerland vs Canada,2026-06-24T19:00:00Z,1x2,away,best,3.4,2026-06-18T21:34:32-06:00
Switzerland vs Canada,2026-06-24T19:00:00Z,ou_2.5,over,best,2.2,2026-06-18T21:34:32-06:00
Switzerland vs Canada,2026-06-24T19:00:00Z,ou_2.5,under,best,1.84,2026-06-18T21:34:32-06:00
Scotland vs Brazil,2026-06-24T22:00:00Z,1x2,home,pinnacle,5.82,2026-06-18T21:34:32-06:00
Scotland vs Brazil,2026-06-24T22:00:00Z,1x2,draw,pinnacle,4.98,2026-06-18T21:34:32-06:00
Scotland vs Brazil,2026-06-24T22:00:00Z,1x2,away,pinnacle,1.42,2026-06-18T21:34:32-06:00
Scotland vs Brazil,2026-06-24T22:00:00Z,ou_2.5,over,pinnacle,1.81,2026-06-18T21:34:32-06:00
Scotland vs Brazil,2026-06-24T22:00:00Z,ou_2.5,under,pinnacle,1.98,2026-06-18T21:34:32-06:00
Scotland vs Brazil,2026-06-24T22:00:00Z,1x2,home,best,8.5,2026-06-18T21:34:32-06:00
Scotland vs Brazil,2026-06-24T22:00:00Z,1x2,draw,best,5.3,2026-06-18T21:34:32-06:00
Scotland vs Brazil,2026-06-24T22:00:00Z,1x2,away,best,1.48,2026-06-18T21:34:32-06:00
Scotland vs Brazil,2026-06-24T22:00:00Z,ou_2.5,over,best,1.9,2026-06-18T21:34:32-06:00
Scotland vs Brazil,2026-06-24T22:00:00Z,ou_2.5,under,best,2.06,2026-06-18T21:34:32-06:00
Morocco vs Haiti,2026-06-24T22:00:00Z,1x2,home,pinnacle,1.25,2026-06-18T21:34:32-06:00
Morocco vs Haiti,2026-06-24T22:00:00Z,1x2,draw,pinnacle,5.5,2026-06-18T21:34:32-06:00
Morocco vs Haiti,2026-06-24T22:00:00Z,1x2,away,pinnacle,10.11,2026-06-18T21:34:32-06:00
Morocco vs Haiti,2026-06-24T22:00:00Z,1x2,home,best,1.33,2026-06-18T21:34:32-06:00
Morocco vs Haiti,2026-06-24T22:00:00Z,1x2,draw,best,6.1,2026-06-18T21:34:32-06:00
Morocco vs Haiti,2026-06-24T22:00:00Z,1x2,away,best,13.5,2026-06-18T21:34:32-06:00
Morocco vs Haiti,2026-06-24T22:00:00Z,ou_2.5,over,best,1.61,2026-06-18T21:34:32-06:00
Morocco vs Haiti,2026-06-24T22:00:00Z,ou_2.5,under,best,2.38,2026-06-18T21:34:32-06:00
Czech Republic vs Mexico,2026-06-25T01:00:00Z,1x2,home,pinnacle,2.91,2026-06-18T21:34:32-06:00
Czech Republic vs Mexico,2026-06-25T01:00:00Z,1x2,draw,pinnacle,3.6,2026-06-18T21:34:32-06:00
Czech Republic vs Mexico,2026-06-25T01:00:00Z,1x2,away,pinnacle,2.25,2026-06-18T21:34:32-06:00
Czech Republic vs Mexico,2026-06-25T01:00:00Z,1x2,home,best,3.3,2026-06-18T21:34:32-06:00
Czech Republic vs Mexico,2026-06-25T01:00:00Z,1x2,draw,best,3.8,2026-06-18T21:34:32-06:00
Czech Republic vs Mexico,2026-06-25T01:00:00Z,1x2,away,best,2.38,2026-06-18T21:34:32-06:00
Czech Republic vs Mexico,2026-06-25T01:00:00Z,ou_2.5,over,best,2.36,2026-06-18T21:34:32-06:00
Czech Republic vs Mexico,2026-06-25T01:00:00Z,ou_2.5,under,best,1.72,2026-06-18T21:34:32-06:00
South Africa vs South Korea,2026-06-25T01:00:00Z,1x2,home,pinnacle,5.32,2026-06-18T21:34:32-06:00
South Africa vs South Korea,2026-06-25T01:00:00Z,1x2,draw,pinnacle,3.85,2026-06-18T21:34:32-06:00
South Africa vs South Korea,2026-06-25T01:00:00Z,1x2,away,pinnacle,1.6,2026-06-18T21:34:32-06:00
South Africa vs South Korea,2026-06-25T01:00:00Z,1x2,home,best,6.06,2026-06-18T21:34:32-06:00
South Africa vs South Korea,2026-06-25T01:00:00Z,1x2,draw,best,4.2,2026-06-18T21:34:32-06:00
South Africa vs South Korea,2026-06-25T01:00:00Z,1x2,away,best,1.7,2026-06-18T21:34:32-06:00
South Africa vs South Korea,2026-06-25T01:00:00Z,ou_2.5,over,best,2.1,2026-06-18T21:34:32-06:00
South Africa vs South Korea,2026-06-25T01:00:00Z,ou_2.5,under,best,1.87,2026-06-18T21:34:32-06:00
Curaçao vs Ivory Coast,2026-06-25T20:00:00Z,1x2,home,pinnacle,17.6,2026-06-18T21:34:32-06:00
Curaçao vs Ivory Coast,2026-06-25T20:00:00Z,1x2,draw,pinnacle,8.5,2026-06-18T21:34:32-06:00
Curaçao vs Ivory Coast,2026-06-25T20:00:00Z,1x2,away,pinnacle,1.12,2026-06-18T21:34:32-06:00
Curaçao vs Ivory Coast,2026-06-25T20:00:00Z,1x2,home,best,29.0,2026-06-18T21:34:32-06:00
Curaçao vs Ivory Coast,2026-06-25T20:00:00Z,1x2,draw,best,9.5,2026-06-18T21:34:32-06:00
Curaçao vs Ivory Coast,2026-06-25T20:00:00Z,1x2,away,best,1.17,2026-06-18T21:34:32-06:00
Curaçao vs Ivory Coast,2026-06-25T20:00:00Z,ou_2.5,over,best,1.44,2026-06-18T21:34:32-06:00
Curaçao vs Ivory Coast,2026-06-25T20:00:00Z,ou_2.5,under,best,2.62,2026-06-18T21:34:32-06:00
Ecuador vs Germany,2026-06-25T20:00:00Z,1x2,home,pinnacle,4.82,2026-06-18T21:34:32-06:00
Ecuador vs Germany,2026-06-25T20:00:00Z,1x2,draw,pinnacle,3.73,2026-06-18T21:34:32-06:00
Ecuador vs Germany,2026-06-25T20:00:00Z,1x2,away,pinnacle,1.68,2026-06-18T21:34:32-06:00
Ecuador vs Germany,2026-06-25T20:00:00Z,ou_2.5,over,pinnacle,1.89,2026-06-18T21:34:32-06:00
Ecuador vs Germany,2026-06-25T20:00:00Z,ou_2.5,under,pinnacle,1.89,2026-06-18T21:34:32-06:00
Ecuador vs Germany,2026-06-25T20:00:00Z,1x2,home,best,5.3,2026-06-18T21:34:32-06:00
Ecuador vs Germany,2026-06-25T20:00:00Z,1x2,draw,best,4.2,2026-06-18T21:34:32-06:00
Ecuador vs Germany,2026-06-25T20:00:00Z,1x2,away,best,1.78,2026-06-18T21:34:32-06:00
Ecuador vs Germany,2026-06-25T20:00:00Z,ou_2.5,over,best,1.96,2026-06-18T21:34:32-06:00
Ecuador vs Germany,2026-06-25T20:00:00Z,ou_2.5,under,best,1.96,2026-06-18T21:34:32-06:00
Japan vs Sweden,2026-06-25T23:00:00Z,1x2,home,pinnacle,2.12,2026-06-18T21:34:32-06:00
Japan vs Sweden,2026-06-25T23:00:00Z,1x2,draw,pinnacle,3.42,2026-06-18T21:34:32-06:00
Japan vs Sweden,2026-06-25T23:00:00Z,1x2,away,pinnacle,3.31,2026-06-18T21:34:32-06:00
Japan vs Sweden,2026-06-25T23:00:00Z,1x2,home,best,2.28,2026-06-18T21:34:32-06:00
Japan vs Sweden,2026-06-25T23:00:00Z,1x2,draw,best,3.6,2026-06-18T21:34:32-06:00
Japan vs Sweden,2026-06-25T23:00:00Z,1x2,away,best,3.55,2026-06-18T21:34:32-06:00
Japan vs Sweden,2026-06-25T23:00:00Z,ou_2.5,over,best,2.05,2026-06-18T21:34:32-06:00
Japan vs Sweden,2026-06-25T23:00:00Z,ou_2.5,under,best,1.82,2026-06-18T21:34:32-06:00
Tunisia vs Netherlands,2026-06-25T23:00:00Z,1x2,home,pinnacle,9.08,2026-06-18T21:34:32-06:00
Tunisia vs Netherlands,2026-06-25T23:00:00Z,1x2,draw,pinnacle,5.32,2026-06-18T21:34:32-06:00
Tunisia vs Netherlands,2026-06-25T23:00:00Z,1x2,away,pinnacle,1.29,2026-06-18T21:34:32-06:00
Tunisia vs Netherlands,2026-06-25T23:00:00Z,1x2,home,best,10.5,2026-06-18T21:34:32-06:00
Tunisia vs Netherlands,2026-06-25T23:00:00Z,1x2,draw,best,6.0,2026-06-18T21:34:32-06:00
Tunisia vs Netherlands,2026-06-25T23:00:00Z,1x2,away,best,1.35,2026-06-18T21:34:32-06:00
Tunisia vs Netherlands,2026-06-25T23:00:00Z,ou_2.5,over,best,1.71,2026-06-18T21:34:32-06:00
Tunisia vs Netherlands,2026-06-25T23:00:00Z,ou_2.5,under,best,2.28,2026-06-18T21:34:32-06:00
Paraguay vs Australia,2026-06-26T02:00:00Z,1x2,home,pinnacle,2.12,2026-06-18T21:34:32-06:00
Paraguay vs Australia,2026-06-26T02:00:00Z,1x2,draw,pinnacle,3.33,2026-06-18T21:34:32-06:00
Paraguay vs Australia,2026-06-26T02:00:00Z,1x2,away,pinnacle,3.38,2026-06-18T21:34:32-06:00
Paraguay vs Australia,2026-06-26T02:00:00Z,1x2,home,best,2.26,2026-06-18T21:34:32-06:00
Paraguay vs Australia,2026-06-26T02:00:00Z,1x2,draw,best,3.45,2026-06-18T21:34:32-06:00
Paraguay vs Australia,2026-06-26T02:00:00Z,1x2,away,best,3.6,2026-06-18T21:34:32-06:00
Paraguay vs Australia,2026-06-26T02:00:00Z,ou_2.5,over,best,2.3,2026-06-18T21:34:32-06:00
Paraguay vs Australia,2026-06-26T02:00:00Z,ou_2.5,under,best,1.64,2026-06-18T21:34:32-06:00
Turkey vs USA,2026-06-26T02:00:00Z,1x2,home,pinnacle,2.64,2026-06-18T21:34:32-06:00
Turkey vs USA,2026-06-26T02:00:00Z,1x2,draw,pinnacle,3.65,2026-06-18T21:34:32-06:00
Turkey vs USA,2026-06-26T02:00:00Z,1x2,away,pinnacle,2.42,2026-06-18T21:34:32-06:00
Turkey vs USA,2026-06-26T02:00:00Z,ou_2.5,over,pinnacle,1.8,2026-06-18T21:34:32-06:00
Turkey vs USA,2026-06-26T02:00:00Z,ou_2.5,under,pinnacle,2.0,2026-06-18T21:34:32-06:00
Turkey vs USA,2026-06-26T02:00:00Z,1x2,home,best,2.9,2026-06-18T21:34:32-06:00
Turkey vs USA,2026-06-26T02:00:00Z,1x2,draw,best,3.95,2026-06-18T21:34:32-06:00
Turkey vs USA,2026-06-26T02:00:00Z,1x2,away,best,2.5,2026-06-18T21:34:32-06:00
Turkey vs USA,2026-06-26T02:00:00Z,ou_2.5,over,best,1.85,2026-06-18T21:34:32-06:00
Turkey vs USA,2026-06-26T02:00:00Z,ou_2.5,under,best,2.04,2026-06-18T21:34:32-06:00
Norway vs France,2026-06-26T19:00:00Z,1x2,home,pinnacle,4.14,2026-06-18T21:34:32-06:00
Norway vs France,2026-06-26T19:00:00Z,1x2,draw,pinnacle,3.76,2026-06-18T21:34:32-06:00
Norway vs France,2026-06-26T19:00:00Z,1x2,away,pinnacle,1.78,2026-06-18T21:34:32-06:00
Norway vs France,2026-06-26T19:00:00Z,1x2,home,best,4.5,2026-06-18T21:34:32-06:00
Norway vs France,2026-06-26T19:00:00Z,1x2,draw,best,4.1,2026-06-18T21:34:32-06:00
Norway vs France,2026-06-26T19:00:00Z,1x2,away,best,1.85,2026-06-18T21:34:32-06:00
Norway vs France,2026-06-26T19:00:00Z,ou_2.5,over,best,1.88,2026-06-18T21:34:32-06:00
Norway vs France,2026-06-26T19:00:00Z,ou_2.5,under,best,2.14,2026-06-18T21:34:32-06:00
Senegal vs Iraq,2026-06-26T19:00:00Z,1x2,home,pinnacle,1.28,2026-06-18T21:34:32-06:00
Senegal vs Iraq,2026-06-26T19:00:00Z,1x2,draw,pinnacle,5.14,2026-06-18T21:34:32-06:00
Senegal vs Iraq,2026-06-26T19:00:00Z,1x2,away,pinnacle,9.69,2026-06-18T21:34:32-06:00
Senegal vs Iraq,2026-06-26T19:00:00Z,ou_2.5,over,pinnacle,1.83,2026-06-18T21:34:32-06:00
Senegal vs Iraq,2026-06-26T19:00:00Z,ou_2.5,under,pinnacle,1.96,2026-06-18T21:34:32-06:00
Senegal vs Iraq,2026-06-26T19:00:00Z,1x2,home,best,1.37,2026-06-18T21:34:32-06:00
Senegal vs Iraq,2026-06-26T19:00:00Z,1x2,draw,best,5.7,2026-06-18T21:34:32-06:00
Senegal vs Iraq,2026-06-26T19:00:00Z,1x2,away,best,11.25,2026-06-18T21:34:32-06:00
Senegal vs Iraq,2026-06-26T19:00:00Z,ou_2.5,over,best,1.89,2026-06-18T21:34:32-06:00
Senegal vs Iraq,2026-06-26T19:00:00Z,ou_2.5,under,best,2.06,2026-06-18T21:34:32-06:00
Cape Verde vs Saudi Arabia,2026-06-27T00:00:00Z,1x2,home,pinnacle,2.71,2026-06-18T21:34:32-06:00
Cape Verde vs Saudi Arabia,2026-06-27T00:00:00Z,1x2,draw,pinnacle,3.68,2026-06-18T21:34:32-06:00
Cape Verde vs Saudi Arabia,2026-06-27T00:00:00Z,1x2,away,pinnacle,2.35,2026-06-18T21:34:32-06:00
Cape Verde vs Saudi Arabia,2026-06-27T00:00:00Z,1x2,home,best,2.88,2026-06-18T21:34:32-06:00
Cape Verde vs Saudi Arabia,2026-06-27T00:00:00Z,1x2,draw,best,3.84,2026-06-18T21:34:32-06:00
Cape Verde vs Saudi Arabia,2026-06-27T00:00:00Z,1x2,away,best,2.55,2026-06-18T21:34:32-06:00
Cape Verde vs Saudi Arabia,2026-06-27T00:00:00Z,ou_2.5,over,best,2.09,2026-06-18T21:34:32-06:00
Cape Verde vs Saudi Arabia,2026-06-27T00:00:00Z,ou_2.5,under,best,1.78,2026-06-18T21:34:32-06:00
Uruguay vs Spain,2026-06-27T00:00:00Z,1x2,home,pinnacle,5.84,2026-06-18T21:34:32-06:00
Uruguay vs Spain,2026-06-27T00:00:00Z,1x2,draw,pinnacle,4.16,2026-06-18T21:34:32-06:00
Uruguay vs Spain,2026-06-27T00:00:00Z,1x2,away,pinnacle,1.51,2026-06-18T21:34:32-06:00
Uruguay vs Spain,2026-06-27T00:00:00Z,ou_2.5,over,pinnacle,1.83,2026-06-18T21:34:32-06:00
Uruguay vs Spain,2026-06-27T00:00:00Z,ou_2.5,under,pinnacle,1.95,2026-06-18T21:34:32-06:00
Uruguay vs Spain,2026-06-27T00:00:00Z,1x2,home,best,6.5,2026-06-18T21:34:32-06:00
Uruguay vs Spain,2026-06-27T00:00:00Z,1x2,draw,best,4.47,2026-06-18T21:34:32-06:00
Uruguay vs Spain,2026-06-27T00:00:00Z,1x2,away,best,1.6,2026-06-18T21:34:32-06:00
Uruguay vs Spain,2026-06-27T00:00:00Z,ou_2.5,over,best,1.93,2026-06-18T21:34:32-06:00
Uruguay vs Spain,2026-06-27T00:00:00Z,ou_2.5,under,best,2.0,2026-06-18T21:34:32-06:00
New Zealand vs Belgium,2026-06-27T03:00:00Z,1x2,home,pinnacle,11.41,2026-06-18T21:34:32-06:00
New Zealand vs Belgium,2026-06-27T03:00:00Z,1x2,draw,pinnacle,6.15,2026-06-18T21:34:32-06:00
New Zealand vs Belgium,2026-06-27T03:00:00Z,1x2,away,pinnacle,1.21,2026-06-18T21:34:32-06:00
New Zealand vs Belgium,2026-06-27T03:00:00Z,1x2,home,best,14.25,2026-06-18T21:34:32-06:00
New Zealand vs Belgium,2026-06-27T03:00:00Z,1x2,draw,best,6.5,2026-06-18T21:34:32-06:00
New Zealand vs Belgium,2026-06-27T03:00:00Z,1x2,away,best,1.3,2026-06-18T21:34:32-06:00
New Zealand vs Belgium,2026-06-27T03:00:00Z,ou_2.5,over,best,1.65,2026-06-18T21:34:32-06:00
New Zealand vs Belgium,2026-06-27T03:00:00Z,ou_2.5,under,best,2.32,2026-06-18T21:34:32-06:00
Egypt vs Iran,2026-06-27T03:00:00Z,1x2,home,pinnacle,2.03,2026-06-18T21:34:32-06:00
Egypt vs Iran,2026-06-27T03:00:00Z,1x2,draw,pinnacle,3.13,2026-06-18T21:34:32-06:00
Egypt vs Iran,2026-06-27T03:00:00Z,1x2,away,pinnacle,3.91,2026-06-18T21:34:32-06:00
Egypt vs Iran,2026-06-27T03:00:00Z,1x2,home,best,2.15,2026-06-18T21:34:32-06:00
Egypt vs Iran,2026-06-27T03:00:00Z,1x2,draw,best,3.25,2026-06-18T21:34:32-06:00
Egypt vs Iran,2026-06-27T03:00:00Z,1x2,away,best,4.0,2026-06-18T21:34:32-06:00
Egypt vs Iran,2026-06-27T03:00:00Z,ou_2.5,over,best,2.54,2026-06-18T21:34:32-06:00
Egypt vs Iran,2026-06-27T03:00:00Z,ou_2.5,under,best,1.5,2026-06-18T21:34:32-06:00
Croatia vs Ghana,2026-06-27T21:00:00Z,1x2,home,pinnacle,1.59,2026-06-18T21:34:32-06:00
Croatia vs Ghana,2026-06-27T21:00:00Z,1x2,draw,pinnacle,3.81,2026-06-18T21:34:32-06:00
Croatia vs Ghana,2026-06-27T21:00:00Z,1x2,away,pinnacle,5.52,2026-06-18T21:34:32-06:00
Croatia vs Ghana,2026-06-27T21:00:00Z,1x2,home,best,1.68,2026-06-18T21:34:32-06:00
Croatia vs Ghana,2026-06-27T21:00:00Z,1x2,draw,best,4.12,2026-06-18T21:34:32-06:00
Croatia vs Ghana,2026-06-27T21:00:00Z,1x2,away,best,6.25,2026-06-18T21:34:32-06:00
Croatia vs Ghana,2026-06-27T21:00:00Z,ou_2.5,over,best,2.08,2026-06-18T21:34:32-06:00
Croatia vs Ghana,2026-06-27T21:00:00Z,ou_2.5,under,best,1.83,2026-06-18T21:34:32-06:00
Panama vs England,2026-06-27T21:00:00Z,1x2,home,pinnacle,8.42,2026-06-18T21:34:32-06:00
Panama vs England,2026-06-27T21:00:00Z,1x2,draw,pinnacle,6.78,2026-06-18T21:34:32-06:00
Panama vs England,2026-06-27T21:00:00Z,1x2,away,pinnacle,1.23,2026-06-18T21:34:32-06:00
Panama vs England,2026-06-27T21:00:00Z,1x2,home,best,13.0,2026-06-18T21:34:32-06:00
Panama vs England,2026-06-27T21:00:00Z,1x2,draw,best,7.25,2026-06-18T21:34:32-06:00
Panama vs England,2026-06-27T21:00:00Z,1x2,away,best,1.32,2026-06-18T21:34:32-06:00
Panama vs England,2026-06-27T21:00:00Z,ou_2.5,over,best,1.63,2026-06-18T21:34:32-06:00
Panama vs England,2026-06-27T21:00:00Z,ou_2.5,under,best,2.3,2026-06-18T21:34:32-06:00
Colombia vs Portugal,2026-06-27T23:30:00Z,1x2,home,pinnacle,3.37,2026-06-18T21:34:32-06:00
Colombia vs Portugal,2026-06-27T23:30:00Z,1x2,draw,pinnacle,3.37,2026-06-18T21:34:32-06:00
Colombia vs Portugal,2026-06-27T23:30:00Z,1x2,away,pinnacle,2.11,2026-06-18T21:34:32-06:00
Colombia vs Portugal,2026-06-27T23:30:00Z,1x2,home,best,3.55,2026-06-18T21:34:32-06:00
Colombia vs Portugal,2026-06-27T23:30:00Z,1x2,draw,best,3.5,2026-06-18T21:34:32-06:00
Colombia vs Portugal,2026-06-27T23:30:00Z,1x2,away,best,2.2,2026-06-18T21:34:32-06:00
Colombia vs Portugal,2026-06-27T23:30:00Z,ou_2.5,over,best,2.1,2026-06-18T21:34:32-06:00
Colombia vs Portugal,2026-06-27T23:30:00Z,ou_2.5,under,best,1.78,2026-06-18T21:34:32-06:00
DR Congo vs Uzbekistan,2026-06-27T23:30:00Z,1x2,home,pinnacle,2.1,2026-06-18T21:34:32-06:00
DR Congo vs Uzbekistan,2026-06-27T23:30:00Z,1x2,draw,pinnacle,3.64,2026-06-18T21:34:32-06:00
DR Congo vs Uzbekistan,2026-06-27T23:30:00Z,1x2,away,pinnacle,3.16,2026-06-18T21:34:32-06:00
DR Congo vs Uzbekistan,2026-06-27T23:30:00Z,1x2,home,best,2.24,2026-06-18T21:34:32-06:00
DR Congo vs Uzbekistan,2026-06-27T23:30:00Z,1x2,draw,best,3.8,2026-06-18T21:34:32-06:00
DR Congo vs Uzbekistan,2026-06-27T23:30:00Z,1x2,away,best,3.5,2026-06-18T21:34:32-06:00
DR Congo vs Uzbekistan,2026-06-27T23:30:00Z,ou_2.5,over,best,2.15,2026-06-18T21:34:32-06:00
DR Congo vs Uzbekistan,2026-06-27T23:30:00Z,ou_2.5,under,best,1.77,2026-06-18T21:34:32-06:00
Algeria vs Austria,2026-06-28T02:00:00Z,1x2,home,pinnacle,3.04,2026-06-18T21:34:32-06:00
Algeria vs Austria,2026-06-28T02:00:00Z,1x2,draw,pinnacle,3.0,2026-06-18T21:34:32-06:00
Algeria vs Austria,2026-06-28T02:00:00Z,1x2,away,pinnacle,2.48,2026-06-18T21:34:32-06:00
Algeria vs Austria,2026-06-28T02:00:00Z,1x2,home,best,3.25,2026-06-18T21:34:32-06:00
Algeria vs Austria,2026-06-28T02:00:00Z,1x2,draw,best,3.2,2026-06-18T21:34:32-06:00
Algeria vs Austria,2026-06-28T02:00:00Z,1x2,away,best,2.55,2026-06-18T21:34:32-06:00
Algeria vs Austria,2026-06-28T02:00:00Z,ou_2.5,over,best,2.17,2026-06-18T21:34:32-06:00
Algeria vs Austria,2026-06-28T02:00:00Z,ou_2.5,under,best,1.73,2026-06-18T21:34:32-06:00
Jordan vs Argentina,2026-06-28T02:00:00Z,1x2,home,pinnacle,13.1,2026-06-18T21:34:32-06:00
Jordan vs Argentina,2026-06-28T02:00:00Z,1x2,draw,pinnacle,7.08,2026-06-18T21:34:32-06:00
Jordan vs Argentina,2026-06-28T02:00:00Z,1x2,away,pinnacle,1.16,2026-06-18T21:34:32-06:00
Jordan vs Argentina,2026-06-28T02:00:00Z,1x2,home,best,17.0,2026-06-18T21:34:32-06:00
Jordan vs Argentina,2026-06-28T02:00:00Z,1x2,draw,best,7.5,2026-06-18T21:34:32-06:00
Jordan vs Argentina,2026-06-28T02:00:00Z,1x2,away,best,1.24,2026-06-18T21:34:32-06:00
Jordan vs Argentina,2026-06-28T02:00:00Z,ou_2.5,over,best,1.56,2026-06-18T21:34:32-06:00
Jordan vs Argentina,2026-06-28T02:00:00Z,ou_2.5,under,best,2.38,2026-06-18T21:34:32-06:00
Panama vs Croatia,2026-06-23T23:00:00Z,1x2,home,pinnacle,8.0,2026-06-23T16:26:29-06:00
Panama vs Croatia,2026-06-23T23:00:00Z,1x2,draw,pinnacle,4.65,2026-06-23T16:26:29-06:00
Panama vs Croatia,2026-06-23T23:00:00Z,1x2,away,pinnacle,1.47,2026-06-23T16:26:29-06:00
Panama vs Croatia,2026-06-23T23:00:00Z,1x2,home,best,8.6,2026-06-23T16:26:29-06:00
Panama vs Croatia,2026-06-23T23:00:00Z,1x2,draw,best,4.8,2026-06-23T16:26:29-06:00
Panama vs Croatia,2026-06-23T23:00:00Z,1x2,away,best,1.52,2026-06-23T16:26:29-06:00
Panama vs Croatia,2026-06-23T23:00:00Z,ou_2.5,over,best,1.74,2026-06-23T16:26:29-06:00
Panama vs Croatia,2026-06-23T23:00:00Z,ou_2.5,under,best,2.25,2026-06-23T16:26:29-06:00
Colombia vs DR Congo,2026-06-24T02:00:00Z,1x2,home,pinnacle,1.57,2026-06-23T16:26:29-06:00
Colombia vs DR Congo,2026-06-24T02:00:00Z,1x2,draw,pinnacle,4.15,2026-06-23T16:26:29-06:00
Colombia vs DR Congo,2026-06-24T02:00:00Z,1x2,away,pinnacle,7.0,2026-06-23T16:26:29-06:00
Colombia vs DR Congo,2026-06-24T02:00:00Z,1x2,home,best,1.58,2026-06-23T16:26:29-06:00
Colombia vs DR Congo,2026-06-24T02:00:00Z,1x2,draw,best,4.2,2026-06-23T16:26:29-06:00
Colombia vs DR Congo,2026-06-24T02:00:00Z,1x2,away,best,7.8,2026-06-23T16:26:29-06:00
Colombia vs DR Congo,2026-06-24T02:00:00Z,ou_2.5,over,best,2.25,2026-06-23T16:26:29-06:00
Colombia vs DR Congo,2026-06-24T02:00:00Z,ou_2.5,under,best,1.76,2026-06-23T16:26:29-06:00
Bosnia & Herzegovina vs Qatar,2026-06-24T19:00:00Z,1x2,home,pinnacle,1.39,2026-06-23T16:26:29-06:00
Bosnia & Herzegovina vs Qatar,2026-06-24T19:00:00Z,1x2,draw,pinnacle,5.37,2026-06-23T16:26:29-06:00
Bosnia & Herzegovina vs Qatar,2026-06-24T19:00:00Z,1x2,away,pinnacle,7.59,2026-06-23T16:26:29-06:00
Bosnia & Herzegovina vs Qatar,2026-06-24T19:00:00Z,1x2,home,best,1.45,2026-06-23T16:26:29-06:00
Bosnia & Herzegovina vs Qatar,2026-06-24T19:00:00Z,1x2,draw,best,5.5,2026-06-23T16:26:29-06:00
Bosnia & Herzegovina vs Qatar,2026-06-24T19:00:00Z,1x2,away,best,8.5,2026-06-23T16:26:29-06:00
Bosnia & Herzegovina vs Qatar,2026-06-24T19:00:00Z,ou_2.5,over,best,1.6,2026-06-23T16:26:29-06:00
Bosnia & Herzegovina vs Qatar,2026-06-24T19:00:00Z,ou_2.5,under,best,2.52,2026-06-23T16:26:29-06:00
Switzerland vs Canada,2026-06-24T19:00:00Z,1x2,home,pinnacle,2.32,2026-06-23T16:26:29-06:00
Switzerland vs Canada,2026-06-24T19:00:00Z,1x2,draw,pinnacle,3.15,2026-06-23T16:26:29-06:00
Switzerland vs Canada,2026-06-24T19:00:00Z,1x2,away,pinnacle,3.51,2026-06-23T16:26:29-06:00
Switzerland vs Canada,2026-06-24T19:00:00Z,ou_2.5,over,pinnacle,2.06,2026-06-23T16:26:29-06:00
Switzerland vs Canada,2026-06-24T19:00:00Z,ou_2.5,under,pinnacle,1.84,2026-06-23T16:26:29-06:00
Switzerland vs Canada,2026-06-24T19:00:00Z,1x2,home,best,2.44,2026-06-23T16:26:29-06:00
Switzerland vs Canada,2026-06-24T19:00:00Z,1x2,draw,best,3.2,2026-06-23T16:26:29-06:00
Switzerland vs Canada,2026-06-24T19:00:00Z,1x2,away,best,3.65,2026-06-23T16:26:29-06:00
Switzerland vs Canada,2026-06-24T19:00:00Z,ou_2.5,over,best,2.12,2026-06-23T16:26:29-06:00
Switzerland vs Canada,2026-06-24T19:00:00Z,ou_2.5,under,best,1.87,2026-06-23T16:26:29-06:00
Scotland vs Brazil,2026-06-24T22:00:00Z,1x2,home,pinnacle,7.24,2026-06-23T16:26:29-06:00
Scotland vs Brazil,2026-06-24T22:00:00Z,1x2,draw,pinnacle,5.41,2026-06-23T16:26:29-06:00
Scotland vs Brazil,2026-06-24T22:00:00Z,1x2,away,pinnacle,1.4,2026-06-23T16:26:29-06:00
Scotland vs Brazil,2026-06-24T22:00:00Z,ou_2.5,over,pinnacle,1.92,2026-06-23T16:26:29-06:00
Scotland vs Brazil,2026-06-24T22:00:00Z,ou_2.5,under,pinnacle,1.97,2026-06-23T16:26:29-06:00
Scotland vs Brazil,2026-06-24T22:00:00Z,1x2,home,best,10.5,2026-06-23T16:26:29-06:00
Scotland vs Brazil,2026-06-24T22:00:00Z,1x2,draw,best,5.8,2026-06-23T16:26:29-06:00
Scotland vs Brazil,2026-06-24T22:00:00Z,1x2,away,best,1.41,2026-06-23T16:26:29-06:00
Scotland vs Brazil,2026-06-24T22:00:00Z,ou_2.5,over,best,1.94,2026-06-23T16:26:29-06:00
Scotland vs Brazil,2026-06-24T22:00:00Z,ou_2.5,under,best,2.04,2026-06-23T16:26:29-06:00
Morocco vs Haiti,2026-06-24T22:00:00Z,1x2,home,pinnacle,1.18,2026-06-23T16:26:29-06:00
Morocco vs Haiti,2026-06-24T22:00:00Z,1x2,draw,pinnacle,7.22,2026-06-23T16:26:29-06:00
Morocco vs Haiti,2026-06-24T22:00:00Z,1x2,away,pinnacle,17.19,2026-06-23T16:26:29-06:00
Morocco vs Haiti,2026-06-24T22:00:00Z,1x2,home,best,1.23,2026-06-23T16:26:29-06:00
Morocco vs Haiti,2026-06-24T22:00:00Z,1x2,draw,best,8.5,2026-06-23T16:26:29-06:00
Morocco vs Haiti,2026-06-24T22:00:00Z,1x2,away,best,21.0,2026-06-23T16:26:29-06:00
Morocco vs Haiti,2026-06-24T22:00:00Z,ou_2.5,over,best,1.55,2026-06-23T16:26:29-06:00
Morocco vs Haiti,2026-06-24T22:00:00Z,ou_2.5,under,best,2.45,2026-06-23T16:26:29-06:00
Czech Republic vs Mexico,2026-06-25T01:00:00Z,1x2,home,pinnacle,3.63,2026-06-23T16:26:29-06:00
Czech Republic vs Mexico,2026-06-25T01:00:00Z,1x2,draw,pinnacle,4.01,2026-06-23T16:26:29-06:00
Czech Republic vs Mexico,2026-06-25T01:00:00Z,1x2,away,pinnacle,1.96,2026-06-23T16:26:29-06:00
Czech Republic vs Mexico,2026-06-25T01:00:00Z,1x2,home,best,3.89,2026-06-23T16:26:29-06:00
Czech Republic vs Mexico,2026-06-25T01:00:00Z,1x2,draw,best,4.1,2026-06-23T16:26:29-06:00
Czech Republic vs Mexico,2026-06-25T01:00:00Z,1x2,away,best,2.0,2026-06-23T16:26:29-06:00
Czech Republic vs Mexico,2026-06-25T01:00:00Z,ou_2.5,over,best,2.12,2026-06-23T16:26:29-06:00
Czech Republic vs Mexico,2026-06-25T01:00:00Z,ou_2.5,under,best,1.86,2026-06-23T16:26:29-06:00
South Africa vs South Korea,2026-06-25T01:00:00Z,1x2,home,pinnacle,5.27,2026-06-23T16:26:29-06:00
South Africa vs South Korea,2026-06-25T01:00:00Z,1x2,draw,pinnacle,3.9,2026-06-23T16:26:29-06:00
South Africa vs South Korea,2026-06-25T01:00:00Z,1x2,away,pinnacle,1.69,2026-06-23T16:26:29-06:00
South Africa vs South Korea,2026-06-25T01:00:00Z,1x2,home,best,6.0,2026-06-23T16:26:29-06:00
South Africa vs South Korea,2026-06-25T01:00:00Z,1x2,draw,best,4.0,2026-06-23T16:26:29-06:00
South Africa vs South Korea,2026-06-25T01:00:00Z,1x2,away,best,1.73,2026-06-23T16:26:29-06:00
South Africa vs South Korea,2026-06-25T01:00:00Z,ou_2.5,over,best,2.13,2026-06-23T16:26:29-06:00
South Africa vs South Korea,2026-06-25T01:00:00Z,ou_2.5,under,best,1.79,2026-06-23T16:26:29-06:00
Curaçao vs Ivory Coast,2026-06-25T20:00:00Z,1x2,home,pinnacle,16.62,2026-06-23T16:26:29-06:00
Curaçao vs Ivory Coast,2026-06-25T20:00:00Z,1x2,draw,pinnacle,7.92,2026-06-23T16:26:29-06:00
Curaçao vs Ivory Coast,2026-06-25T20:00:00Z,1x2,away,pinnacle,1.15,2026-06-23T16:26:29-06:00
Curaçao vs Ivory Coast,2026-06-25T20:00:00Z,1x2,home,best,25.0,2026-06-23T16:26:29-06:00
Curaçao vs Ivory Coast,2026-06-25T20:00:00Z,1x2,draw,best,9.0,2026-06-23T16:26:29-06:00
Curaçao vs Ivory Coast,2026-06-25T20:00:00Z,1x2,away,best,1.19,2026-06-23T16:26:29-06:00
Curaçao vs Ivory Coast,2026-06-25T20:00:00Z,ou_2.5,over,best,1.52,2026-06-23T16:26:29-06:00
Curaçao vs Ivory Coast,2026-06-25T20:00:00Z,ou_2.5,under,best,2.55,2026-06-23T16:26:29-06:00
Ecuador vs Germany,2026-06-25T20:00:00Z,1x2,home,pinnacle,3.64,2026-06-23T16:26:29-06:00
Ecuador vs Germany,2026-06-25T20:00:00Z,1x2,draw,pinnacle,4.15,2026-06-23T16:26:29-06:00
Ecuador vs Germany,2026-06-25T20:00:00Z,1x2,away,pinnacle,1.9,2026-06-23T16:26:29-06:00
Ecuador vs Germany,2026-06-25T20:00:00Z,1x2,home,best,4.0,2026-06-23T16:26:29-06:00
Ecuador vs Germany,2026-06-25T20:00:00Z,1x2,draw,best,4.2,2026-06-23T16:26:29-06:00
Ecuador vs Germany,2026-06-25T20:00:00Z,1x2,away,best,2.0,2026-06-23T16:26:29-06:00
Ecuador vs Germany,2026-06-25T20:00:00Z,ou_2.5,over,best,1.83,2026-06-23T16:26:29-06:00
Ecuador vs Germany,2026-06-25T20:00:00Z,ou_2.5,under,best,2.09,2026-06-23T16:26:29-06:00
Japan vs Sweden,2026-06-25T23:00:00Z,1x2,home,pinnacle,1.9,2026-06-23T16:26:29-06:00
Japan vs Sweden,2026-06-25T23:00:00Z,1x2,draw,pinnacle,3.43,2026-06-23T16:26:29-06:00
Japan vs Sweden,2026-06-25T23:00:00Z,1x2,away,pinnacle,4.48,2026-06-23T16:26:29-06:00
Japan vs Sweden,2026-06-25T23:00:00Z,1x2,home,best,2.0,2026-06-23T16:26:29-06:00
Japan vs Sweden,2026-06-25T23:00:00Z,1x2,draw,best,3.7,2026-06-23T16:26:29-06:00
Japan vs Sweden,2026-06-25T23:00:00Z,1x2,away,best,4.6,2026-06-23T16:26:29-06:00
Japan vs Sweden,2026-06-25T23:00:00Z,ou_2.5,over,best,1.8,2026-06-23T16:26:29-06:00
Japan vs Sweden,2026-06-25T23:00:00Z,ou_2.5,under,best,2.16,2026-06-23T16:26:29-06:00
Tunisia vs Netherlands,2026-06-25T23:00:00Z,1x2,home,pinnacle,19.6,2026-06-23T16:26:29-06:00
Tunisia vs Netherlands,2026-06-25T23:00:00Z,1x2,draw,pinnacle,8.46,2026-06-23T16:26:29-06:00
Tunisia vs Netherlands,2026-06-25T23:00:00Z,1x2,away,pinnacle,1.13,2026-06-23T16:26:29-06:00
Tunisia vs Netherlands,2026-06-25T23:00:00Z,1x2,home,best,28.0,2026-06-23T16:26:29-06:00
Tunisia vs Netherlands,2026-06-25T23:00:00Z,1x2,draw,best,10.5,2026-06-23T16:26:29-06:00
Tunisia vs Netherlands,2026-06-25T23:00:00Z,1x2,away,best,1.16,2026-06-23T16:26:29-06:00
Tunisia vs Netherlands,2026-06-25T23:00:00Z,ou_2.5,over,best,1.46,2026-06-23T16:26:29-06:00
Tunisia vs Netherlands,2026-06-25T23:00:00Z,ou_2.5,under,best,2.75,2026-06-23T16:26:29-06:00
Paraguay vs Australia,2026-06-26T02:00:00Z,1x2,home,pinnacle,2.94,2026-06-23T16:26:29-06:00
Paraguay vs Australia,2026-06-26T02:00:00Z,1x2,draw,pinnacle,2.14,2026-06-23T16:26:29-06:00
Paraguay vs Australia,2026-06-26T02:00:00Z,1x2,away,pinnacle,4.03,2026-06-23T16:26:29-06:00
Paraguay vs Australia,2026-06-26T02:00:00Z,1x2,home,best,3.2,2026-06-23T16:26:29-06:00
Paraguay vs Australia,2026-06-26T02:00:00Z,1x2,draw,best,2.3,2026-06-23T16:26:29-06:00
Paraguay vs Australia,2026-06-26T02:00:00Z,1x2,away,best,4.25,2026-06-23T16:26:29-06:00
Paraguay vs Australia,2026-06-26T02:00:00Z,ou_2.5,over,best,2.95,2026-06-23T16:26:29-06:00
Paraguay vs Australia,2026-06-26T02:00:00Z,ou_2.5,under,best,1.41,2026-06-23T16:26:29-06:00
Turkey vs USA,2026-06-26T02:00:00Z,1x2,home,pinnacle,3.52,2026-06-23T16:26:29-06:00
Turkey vs USA,2026-06-26T02:00:00Z,1x2,draw,pinnacle,4.14,2026-06-23T16:26:29-06:00
Turkey vs USA,2026-06-26T02:00:00Z,1x2,away,pinnacle,1.94,2026-06-23T16:26:29-06:00
Turkey vs USA,2026-06-26T02:00:00Z,1x2,home,best,3.8,2026-06-23T16:26:29-06:00
Turkey vs USA,2026-06-26T02:00:00Z,1x2,draw,best,4.3,2026-06-23T16:26:29-06:00
Turkey vs USA,2026-06-26T02:00:00Z,1x2,away,best,2.0,2026-06-23T16:26:29-06:00
Turkey vs USA,2026-06-26T02:00:00Z,ou_2.5,over,best,1.76,2026-06-23T16:26:29-06:00
Turkey vs USA,2026-06-26T02:00:00Z,ou_2.5,under,best,2.19,2026-06-23T16:26:29-06:00
Norway vs France,2026-06-26T19:00:00Z,1x2,home,pinnacle,5.25,2026-06-23T16:26:29-06:00
Norway vs France,2026-06-26T19:00:00Z,1x2,draw,pinnacle,4.32,2026-06-23T16:26:29-06:00
Norway vs France,2026-06-26T19:00:00Z,1x2,away,pinnacle,1.61,2026-06-23T16:26:29-06:00
Norway vs France,2026-06-26T19:00:00Z,1x2,home,best,5.4,2026-06-23T16:26:29-06:00
Norway vs France,2026-06-26T19:00:00Z,1x2,draw,best,4.75,2026-06-23T16:26:29-06:00
Norway vs France,2026-06-26T19:00:00Z,1x2,away,best,1.69,2026-06-23T16:26:29-06:00
Norway vs France,2026-06-26T19:00:00Z,ou_2.5,over,best,1.72,2026-06-23T16:26:29-06:00
Norway vs France,2026-06-26T19:00:00Z,ou_2.5,under,best,2.32,2026-06-23T16:26:29-06:00
Senegal vs Iraq,2026-06-26T19:00:00Z,1x2,home,pinnacle,1.22,2026-06-23T16:26:29-06:00
Senegal vs Iraq,2026-06-26T19:00:00Z,1x2,draw,pinnacle,6.77,2026-06-23T16:26:29-06:00
Senegal vs Iraq,2026-06-26T19:00:00Z,1x2,away,pinnacle,12.38,2026-06-23T16:26:29-06:00
Senegal vs Iraq,2026-06-26T19:00:00Z,1x2,home,best,1.27,2026-06-23T16:26:29-06:00
Senegal vs Iraq,2026-06-26T19:00:00Z,1x2,draw,best,7.5,2026-06-23T16:26:29-06:00
Senegal vs Iraq,2026-06-26T19:00:00Z,1x2,away,best,15.0,2026-06-23T16:26:29-06:00
Senegal vs Iraq,2026-06-26T19:00:00Z,ou_2.5,over,best,1.55,2026-06-23T16:26:29-06:00
Senegal vs Iraq,2026-06-26T19:00:00Z,ou_2.5,under,best,2.6,2026-06-23T16:26:29-06:00
Cape Verde vs Saudi Arabia,2026-06-27T00:00:00Z,1x2,home,pinnacle,2.47,2026-06-23T16:26:29-06:00
Cape Verde vs Saudi Arabia,2026-06-27T00:00:00Z,1x2,draw,pinnacle,3.41,2026-06-23T16:26:29-06:00
Cape Verde vs Saudi Arabia,2026-06-27T00:00:00Z,1x2,away,pinnacle,2.94,2026-06-23T16:26:29-06:00
Cape Verde vs Saudi Arabia,2026-06-27T00:00:00Z,ou_2.5,over,pinnacle,2.07,2026-06-23T16:26:29-06:00
Cape Verde vs Saudi Arabia,2026-06-27T00:00:00Z,ou_2.5,under,pinnacle,1.81,2026-06-23T16:26:29-06:00
Cape Verde vs Saudi Arabia,2026-06-27T00:00:00Z,1x2,home,best,2.52,2026-06-23T16:26:29-06:00
Cape Verde vs Saudi Arabia,2026-06-27T00:00:00Z,1x2,draw,best,3.66,2026-06-23T16:26:29-06:00
Cape Verde vs Saudi Arabia,2026-06-27T00:00:00Z,1x2,away,best,3.05,2026-06-23T16:26:29-06:00
Cape Verde vs Saudi Arabia,2026-06-27T00:00:00Z,ou_2.5,over,best,2.12,2026-06-23T16:26:29-06:00
Cape Verde vs Saudi Arabia,2026-06-27T00:00:00Z,ou_2.5,under,best,1.87,2026-06-23T16:26:29-06:00
Uruguay vs Spain,2026-06-27T00:00:00Z,1x2,home,pinnacle,7.26,2026-06-23T16:26:29-06:00
Uruguay vs Spain,2026-06-27T00:00:00Z,1x2,draw,pinnacle,4.1,2026-06-23T16:26:29-06:00
Uruguay vs Spain,2026-06-27T00:00:00Z,1x2,away,pinnacle,1.51,2026-06-23T16:26:29-06:00
Uruguay vs Spain,2026-06-27T00:00:00Z,ou_2.5,over,pinnacle,1.85,2026-06-23T16:26:29-06:00
Uruguay vs Spain,2026-06-27T00:00:00Z,ou_2.5,under,pinnacle,2.02,2026-06-23T16:26:29-06:00
Uruguay vs Spain,2026-06-27T00:00:00Z,1x2,home,best,8.0,2026-06-23T16:26:29-06:00
Uruguay vs Spain,2026-06-27T00:00:00Z,1x2,draw,best,4.4,2026-06-23T16:26:29-06:00
Uruguay vs Spain,2026-06-27T00:00:00Z,1x2,away,best,1.55,2026-06-23T16:26:29-06:00
Uruguay vs Spain,2026-06-27T00:00:00Z,ou_2.5,over,best,1.89,2026-06-23T16:26:29-06:00
Uruguay vs Spain,2026-06-27T00:00:00Z,ou_2.5,under,best,2.07,2026-06-23T16:26:29-06:00
New Zealand vs Belgium,2026-06-27T03:00:00Z,1x2,home,pinnacle,14.43,2026-06-23T16:26:29-06:00
New Zealand vs Belgium,2026-06-27T03:00:00Z,1x2,draw,pinnacle,7.19,2026-06-23T16:26:29-06:00
New Zealand vs Belgium,2026-06-27T03:00:00Z,1x2,away,pinnacle,1.19,2026-06-23T16:26:29-06:00
New Zealand vs Belgium,2026-06-27T03:00:00Z,1x2,home,best,18.5,2026-06-23T16:26:29-06:00
New Zealand vs Belgium,2026-06-27T03:00:00Z,1x2,draw,best,8.0,2026-06-23T16:26:29-06:00
New Zealand vs Belgium,2026-06-27T03:00:00Z,1x2,away,best,1.23,2026-06-23T16:26:29-06:00
New Zealand vs Belgium,2026-06-27T03:00:00Z,ou_2.5,over,best,1.58,2026-06-23T16:26:29-06:00
New Zealand vs Belgium,2026-06-27T03:00:00Z,ou_2.5,under,best,2.55,2026-06-23T16:26:29-06:00
Egypt vs Iran,2026-06-27T03:00:00Z,1x2,home,pinnacle,2.47,2026-06-23T16:26:29-06:00
Egypt vs Iran,2026-06-27T03:00:00Z,1x2,draw,pinnacle,2.59,2026-06-23T16:26:29-06:00
Egypt vs Iran,2026-06-27T03:00:00Z,1x2,away,pinnacle,3.85,2026-06-23T16:26:29-06:00
Egypt vs Iran,2026-06-27T03:00:00Z,1x2,home,best,2.55,2026-06-23T16:26:29-06:00
Egypt vs Iran,2026-06-27T03:00:00Z,1x2,draw,best,2.8,2026-06-23T16:26:29-06:00
Egypt vs Iran,2026-06-27T03:00:00Z,1x2,away,best,4.1,2026-06-23T16:26:29-06:00
Egypt vs Iran,2026-06-27T03:00:00Z,ou_2.5,over,best,2.9,2026-06-23T16:26:29-06:00
Egypt vs Iran,2026-06-27T03:00:00Z,ou_2.5,under,best,1.47,2026-06-23T16:26:29-06:00
Croatia vs Ghana,2026-06-27T21:00:00Z,1x2,home,pinnacle,1.71,2026-06-23T16:26:29-06:00
Croatia vs Ghana,2026-06-27T21:00:00Z,1x2,draw,pinnacle,3.33,2026-06-23T16:26:29-06:00
Croatia vs Ghana,2026-06-27T21:00:00Z,1x2,away,pinnacle,5.36,2026-06-23T16:26:29-06:00
Croatia vs Ghana,2026-06-27T21:00:00Z,1x2,home,best,1.8,2026-06-23T16:26:29-06:00
Croatia vs Ghana,2026-06-27T21:00:00Z,1x2,draw,best,3.7,2026-06-23T16:26:29-06:00
Croatia vs Ghana,2026-06-27T21:00:00Z,1x2,away,best,6.0,2026-06-23T16:26:29-06:00
Croatia vs Ghana,2026-06-27T21:00:00Z,ou_2.5,over,best,2.2,2026-06-23T16:26:29-06:00
Croatia vs Ghana,2026-06-27T21:00:00Z,ou_2.5,under,best,1.74,2026-06-23T16:26:29-06:00
Panama vs England,2026-06-27T21:00:00Z,1x2,home,pinnacle,12.15,2026-06-23T16:26:29-06:00
Panama vs England,2026-06-27T21:00:00Z,1x2,draw,pinnacle,6.84,2026-06-23T16:26:29-06:00
Panama vs England,2026-06-27T21:00:00Z,1x2,away,pinnacle,1.18,2026-06-23T16:26:29-06:00
Panama vs England,2026-06-27T21:00:00Z,1x2,home,best,17.0,2026-06-23T16:26:29-06:00
Panama vs England,2026-06-27T21:00:00Z,1x2,draw,best,8.2,2026-06-23T16:26:29-06:00
Panama vs England,2026-06-27T21:00:00Z,1x2,away,best,1.23,2026-06-23T16:26:29-06:00
Panama vs England,2026-06-27T21:00:00Z,ou_2.5,over,best,1.54,2026-06-23T16:26:29-06:00
Panama vs England,2026-06-27T21:00:00Z,ou_2.5,under,best,2.5,2026-06-23T16:26:29-06:00
Colombia vs Portugal,2026-06-27T23:30:00Z,1x2,home,pinnacle,3.79,2026-06-23T16:26:29-06:00
Colombia vs Portugal,2026-06-27T23:30:00Z,1x2,draw,pinnacle,3.64,2026-06-23T16:26:29-06:00
Colombia vs Portugal,2026-06-27T23:30:00Z,1x2,away,pinnacle,1.88,2026-06-23T16:26:29-06:00
Colombia vs Portugal,2026-06-27T23:30:00Z,1x2,home,best,4.0,2026-06-23T16:26:29-06:00
Colombia vs Portugal,2026-06-27T23:30:00Z,1x2,draw,best,4.0,2026-06-23T16:26:29-06:00
Colombia vs Portugal,2026-06-27T23:30:00Z,1x2,away,best,2.06,2026-06-23T16:26:29-06:00
Colombia vs Portugal,2026-06-27T23:30:00Z,ou_2.5,over,best,2.11,2026-06-23T16:26:29-06:00
Colombia vs Portugal,2026-06-27T23:30:00Z,ou_2.5,under,best,1.86,2026-06-23T16:26:29-06:00
DR Congo vs Uzbekistan,2026-06-27T23:30:00Z,1x2,home,pinnacle,1.84,2026-06-23T16:26:29-06:00
DR Congo vs Uzbekistan,2026-06-27T23:30:00Z,1x2,draw,pinnacle,3.87,2026-06-23T16:26:29-06:00
DR Congo vs Uzbekistan,2026-06-27T23:30:00Z,1x2,away,pinnacle,3.73,2026-06-23T16:26:29-06:00
DR Congo vs Uzbekistan,2026-06-27T23:30:00Z,1x2,home,best,1.99,2026-06-23T16:26:29-06:00
DR Congo vs Uzbekistan,2026-06-27T23:30:00Z,1x2,draw,best,4.1,2026-06-23T16:26:29-06:00
DR Congo vs Uzbekistan,2026-06-27T23:30:00Z,1x2,away,best,4.33,2026-06-23T16:26:29-06:00
DR Congo vs Uzbekistan,2026-06-27T23:30:00Z,ou_2.5,over,best,2.12,2026-06-23T16:26:29-06:00
DR Congo vs Uzbekistan,2026-06-27T23:30:00Z,ou_2.5,under,best,1.81,2026-06-23T16:26:29-06:00
Algeria vs Austria,2026-06-28T02:00:00Z,1x2,home,pinnacle,3.94,2026-06-23T16:26:29-06:00
Algeria vs Austria,2026-06-28T02:00:00Z,1x2,draw,pinnacle,2.14,2026-06-23T16:26:29-06:00
Algeria vs Austria,2026-06-28T02:00:00Z,1x2,away,pinnacle,2.88,2026-06-23T16:26:29-06:00
Algeria vs Austria,2026-06-28T02:00:00Z,1x2,home,best,4.02,2026-06-23T16:26:29-06:00
Algeria vs Austria,2026-06-28T02:00:00Z,1x2,draw,best,2.46,2026-06-23T16:26:29-06:00
Algeria vs Austria,2026-06-28T02:00:00Z,1x2,away,best,2.98,2026-06-23T16:26:29-06:00
Algeria vs Austria,2026-06-28T02:00:00Z,ou_2.5,over,best,2.7,2026-06-23T16:26:29-06:00
Algeria vs Austria,2026-06-28T02:00:00Z,ou_2.5,under,best,1.48,2026-06-23T16:26:29-06:00
Jordan vs Argentina,2026-06-28T02:00:00Z,1x2,home,pinnacle,13.44,2026-06-23T16:26:29-06:00
Jordan vs Argentina,2026-06-28T02:00:00Z,1x2,draw,pinnacle,7.32,2026-06-23T16:26:29-06:00
Jordan vs Argentina,2026-06-28T02:00:00Z,1x2,away,pinnacle,1.19,2026-06-23T16:26:29-06:00
Jordan vs Argentina,2026-06-28T02:00:00Z,1x2,home,best,18.5,2026-06-23T16:26:29-06:00
Jordan vs Argentina,2026-06-28T02:00:00Z,1x2,draw,best,8.0,2026-06-23T16:26:29-06:00
Jordan vs Argentina,2026-06-28T02:00:00Z,1x2,away,best,1.23,2026-06-23T16:26:29-06:00
Jordan vs Argentina,2026-06-28T02:00:00Z,ou_2.5,over,best,1.62,2026-06-23T16:26:29-06:00
Jordan vs Argentina,2026-06-28T02:00:00Z,ou_2.5,under,best,2.43,2026-06-23T16:26:29-06:00
Panama vs Croatia,2026-06-23T23:00:00Z,1x2,home,pinnacle,6.5,2026-06-23T17:31:05-06:00
Panama vs Croatia,2026-06-23T23:00:00Z,1x2,draw,pinnacle,3.84,2026-06-23T17:31:05-06:00
Panama vs Croatia,2026-06-23T23:00:00Z,1x2,away,pinnacle,1.57,2026-06-23T17:31:05-06:00
Panama vs Croatia,2026-06-23T23:00:00Z,1x2,home,best,8.5,2026-06-23T17:31:05-06:00
Panama vs Croatia,2026-06-23T23:00:00Z,1x2,draw,best,4.5,2026-06-23T17:31:05-06:00
Panama vs Croatia,2026-06-23T23:00:00Z,1x2,away,best,1.8,2026-06-23T17:31:05-06:00
Panama vs Croatia,2026-06-23T23:00:00Z,ou_2.5,over,best,2.68,2026-06-23T17:31:05-06:00
Panama vs Croatia,2026-06-23T23:00:00Z,ou_2.5,under,best,2.1,2026-06-23T17:31:05-06:00
Colombia vs DR Congo,2026-06-24T02:00:00Z,1x2,home,pinnacle,1.59,2026-06-23T17:31:05-06:00
Colombia vs DR Congo,2026-06-24T02:00:00Z,1x2,draw,pinnacle,4.05,2026-06-23T17:31:05-06:00
Colombia vs DR Congo,2026-06-24T02:00:00Z,1x2,away,pinnacle,6.95,2026-06-23T17:31:05-06:00
Colombia vs DR Congo,2026-06-24T02:00:00Z,1x2,home,best,1.59,2026-06-23T17:31:05-06:00
Colombia vs DR Congo,2026-06-24T02:00:00Z,1x2,draw,best,4.2,2026-06-23T17:31:05-06:00
Colombia vs DR Congo,2026-06-24T02:00:00Z,1x2,away,best,7.6,2026-06-23T17:31:05-06:00
Colombia vs DR Congo,2026-06-24T02:00:00Z,ou_2.5,over,best,2.25,2026-06-23T17:31:05-06:00
Colombia vs DR Congo,2026-06-24T02:00:00Z,ou_2.5,under,best,1.76,2026-06-23T17:31:05-06:00
Bosnia & Herzegovina vs Qatar,2026-06-24T19:00:00Z,1x2,home,pinnacle,1.39,2026-06-23T17:31:05-06:00
Bosnia & Herzegovina vs Qatar,2026-06-24T19:00:00Z,1x2,draw,pinnacle,5.36,2026-06-23T17:31:05-06:00
Bosnia & Herzegovina vs Qatar,2026-06-24T19:00:00Z,1x2,away,pinnacle,7.58,2026-06-23T17:31:05-06:00
Bosnia & Herzegovina vs Qatar,2026-06-24T19:00:00Z,1x2,home,best,1.45,2026-06-23T17:31:05-06:00
Bosnia & Herzegovina vs Qatar,2026-06-24T19:00:00Z,1x2,draw,best,5.5,2026-06-23T17:31:05-06:00
Bosnia & Herzegovina vs Qatar,2026-06-24T19:00:00Z,1x2,away,best,8.5,2026-06-23T17:31:05-06:00
Bosnia & Herzegovina vs Qatar,2026-06-24T19:00:00Z,ou_2.5,over,best,1.6,2026-06-23T17:31:05-06:00
Bosnia & Herzegovina vs Qatar,2026-06-24T19:00:00Z,ou_2.5,under,best,2.45,2026-06-23T17:31:05-06:00
Switzerland vs Canada,2026-06-24T19:00:00Z,1x2,home,pinnacle,2.41,2026-06-23T17:31:05-06:00
Switzerland vs Canada,2026-06-24T19:00:00Z,1x2,draw,pinnacle,3.12,2026-06-23T17:31:05-06:00
Switzerland vs Canada,2026-06-24T19:00:00Z,1x2,away,pinnacle,3.35,2026-06-23T17:31:05-06:00
Switzerland vs Canada,2026-06-24T19:00:00Z,ou_2.5,over,pinnacle,2.07,2026-06-23T17:31:05-06:00
Switzerland vs Canada,2026-06-24T19:00:00Z,ou_2.5,under,pinnacle,1.83,2026-06-23T17:31:05-06:00
Switzerland vs Canada,2026-06-24T19:00:00Z,1x2,home,best,2.44,2026-06-23T17:31:05-06:00
Switzerland vs Canada,2026-06-24T19:00:00Z,1x2,draw,best,3.25,2026-06-23T17:31:05-06:00
Switzerland vs Canada,2026-06-24T19:00:00Z,1x2,away,best,3.55,2026-06-23T17:31:05-06:00
Switzerland vs Canada,2026-06-24T19:00:00Z,ou_2.5,over,best,2.12,2026-06-23T17:31:05-06:00
Switzerland vs Canada,2026-06-24T19:00:00Z,ou_2.5,under,best,1.87,2026-06-23T17:31:05-06:00
Scotland vs Brazil,2026-06-24T22:00:00Z,1x2,home,pinnacle,7.24,2026-06-23T17:31:05-06:00
Scotland vs Brazil,2026-06-24T22:00:00Z,1x2,draw,pinnacle,5.41,2026-06-23T17:31:05-06:00
Scotland vs Brazil,2026-06-24T22:00:00Z,1x2,away,pinnacle,1.4,2026-06-23T17:31:05-06:00
Scotland vs Brazil,2026-06-24T22:00:00Z,ou_2.5,over,pinnacle,1.92,2026-06-23T17:31:05-06:00
Scotland vs Brazil,2026-06-24T22:00:00Z,ou_2.5,under,pinnacle,1.97,2026-06-23T17:31:05-06:00
Scotland vs Brazil,2026-06-24T22:00:00Z,1x2,home,best,9.8,2026-06-23T17:31:05-06:00
Scotland vs Brazil,2026-06-24T22:00:00Z,1x2,draw,best,5.6,2026-06-23T17:31:05-06:00
Scotland vs Brazil,2026-06-24T22:00:00Z,1x2,away,best,1.41,2026-06-23T17:31:05-06:00
Scotland vs Brazil,2026-06-24T22:00:00Z,ou_2.5,over,best,1.93,2026-06-23T17:31:05-06:00
Scotland vs Brazil,2026-06-24T22:00:00Z,ou_2.5,under,best,2.06,2026-06-23T17:31:05-06:00
Morocco vs Haiti,2026-06-24T22:00:00Z,1x2,home,pinnacle,1.18,2026-06-23T17:31:05-06:00
Morocco vs Haiti,2026-06-24T22:00:00Z,1x2,draw,pinnacle,7.2,2026-06-23T17:31:05-06:00
Morocco vs Haiti,2026-06-24T22:00:00Z,1x2,away,pinnacle,17.17,2026-06-23T17:31:05-06:00
Morocco vs Haiti,2026-06-24T22:00:00Z,1x2,home,best,1.23,2026-06-23T17:31:05-06:00
Morocco vs Haiti,2026-06-24T22:00:00Z,1x2,draw,best,8.0,2026-06-23T17:31:05-06:00
Morocco vs Haiti,2026-06-24T22:00:00Z,1x2,away,best,20.0,2026-06-23T17:31:05-06:00
Morocco vs Haiti,2026-06-24T22:00:00Z,ou_2.5,over,best,1.58,2026-06-23T17:31:05-06:00
Morocco vs Haiti,2026-06-24T22:00:00Z,ou_2.5,under,best,2.45,2026-06-23T17:31:05-06:00
Czech Republic vs Mexico,2026-06-25T01:00:00Z,1x2,home,pinnacle,3.63,2026-06-23T17:31:05-06:00
Czech Republic vs Mexico,2026-06-25T01:00:00Z,1x2,draw,pinnacle,4.05,2026-06-23T17:31:05-06:00
Czech Republic vs Mexico,2026-06-25T01:00:00Z,1x2,away,pinnacle,1.95,2026-06-23T17:31:05-06:00
Czech Republic vs Mexico,2026-06-25T01:00:00Z,ou_2.5,over,pinnacle,2.08,2026-06-23T17:31:05-06:00
Czech Republic vs Mexico,2026-06-25T01:00:00Z,ou_2.5,under,pinnacle,1.83,2026-06-23T17:31:05-06:00
Czech Republic vs Mexico,2026-06-25T01:00:00Z,1x2,home,best,3.89,2026-06-23T17:31:05-06:00
Czech Republic vs Mexico,2026-06-25T01:00:00Z,1x2,draw,best,4.1,2026-06-23T17:31:05-06:00
Czech Republic vs Mexico,2026-06-25T01:00:00Z,1x2,away,best,2.0,2026-06-23T17:31:05-06:00
Czech Republic vs Mexico,2026-06-25T01:00:00Z,ou_2.5,over,best,2.12,2026-06-23T17:31:05-06:00
Czech Republic vs Mexico,2026-06-25T01:00:00Z,ou_2.5,under,best,1.86,2026-06-23T17:31:05-06:00
South Africa vs South Korea,2026-06-25T01:00:00Z,1x2,home,pinnacle,5.27,2026-06-23T17:31:05-06:00
South Africa vs South Korea,2026-06-25T01:00:00Z,1x2,draw,pinnacle,4.01,2026-06-23T17:31:05-06:00
South Africa vs South Korea,2026-06-25T01:00:00Z,1x2,away,pinnacle,1.67,2026-06-23T17:31:05-06:00
South Africa vs South Korea,2026-06-25T01:00:00Z,ou_2.5,over,pinnacle,2.03,2026-06-23T17:31:05-06:00
South Africa vs South Korea,2026-06-25T01:00:00Z,ou_2.5,under,pinnacle,1.86,2026-06-23T17:31:05-06:00
South Africa vs South Korea,2026-06-25T01:00:00Z,1x2,home,best,6.0,2026-06-23T17:31:05-06:00
South Africa vs South Korea,2026-06-25T01:00:00Z,1x2,draw,best,4.01,2026-06-23T17:31:05-06:00
South Africa vs South Korea,2026-06-25T01:00:00Z,1x2,away,best,1.73,2026-06-23T17:31:05-06:00
South Africa vs South Korea,2026-06-25T01:00:00Z,ou_2.5,over,best,2.1,2026-06-23T17:31:05-06:00
South Africa vs South Korea,2026-06-25T01:00:00Z,ou_2.5,under,best,1.87,2026-06-23T17:31:05-06:00
Curaçao vs Ivory Coast,2026-06-25T20:00:00Z,1x2,home,pinnacle,16.62,2026-06-23T17:31:05-06:00
Curaçao vs Ivory Coast,2026-06-25T20:00:00Z,1x2,draw,pinnacle,7.92,2026-06-23T17:31:05-06:00
Curaçao vs Ivory Coast,2026-06-25T20:00:00Z,1x2,away,pinnacle,1.15,2026-06-23T17:31:05-06:00
Curaçao vs Ivory Coast,2026-06-25T20:00:00Z,1x2,home,best,25.0,2026-06-23T17:31:05-06:00
Curaçao vs Ivory Coast,2026-06-25T20:00:00Z,1x2,draw,best,9.0,2026-06-23T17:31:05-06:00
Curaçao vs Ivory Coast,2026-06-25T20:00:00Z,1x2,away,best,1.19,2026-06-23T17:31:05-06:00
Curaçao vs Ivory Coast,2026-06-25T20:00:00Z,ou_2.5,over,best,1.52,2026-06-23T17:31:05-06:00
Curaçao vs Ivory Coast,2026-06-25T20:00:00Z,ou_2.5,under,best,2.55,2026-06-23T17:31:05-06:00
Ecuador vs Germany,2026-06-25T20:00:00Z,1x2,home,pinnacle,3.64,2026-06-23T17:31:05-06:00
Ecuador vs Germany,2026-06-25T20:00:00Z,1x2,draw,pinnacle,4.19,2026-06-23T17:31:05-06:00
Ecuador vs Germany,2026-06-25T20:00:00Z,1x2,away,pinnacle,1.89,2026-06-23T17:31:05-06:00
Ecuador vs Germany,2026-06-25T20:00:00Z,1x2,home,best,4.0,2026-06-23T17:31:05-06:00
Ecuador vs Germany,2026-06-25T20:00:00Z,1x2,draw,best,4.2,2026-06-23T17:31:05-06:00
Ecuador vs Germany,2026-06-25T20:00:00Z,1x2,away,best,2.0,2026-06-23T17:31:05-06:00
Ecuador vs Germany,2026-06-25T20:00:00Z,ou_2.5,over,best,1.83,2026-06-23T17:31:05-06:00
Ecuador vs Germany,2026-06-25T20:00:00Z,ou_2.5,under,best,2.19,2026-06-23T17:31:05-06:00
Japan vs Sweden,2026-06-25T23:00:00Z,1x2,home,pinnacle,1.9,2026-06-23T17:31:05-06:00
Japan vs Sweden,2026-06-25T23:00:00Z,1x2,draw,pinnacle,3.43,2026-06-23T17:31:05-06:00
Japan vs Sweden,2026-06-25T23:00:00Z,1x2,away,pinnacle,4.46,2026-06-23T17:31:05-06:00
Japan vs Sweden,2026-06-25T23:00:00Z,1x2,home,best,2.0,2026-06-23T17:31:05-06:00
Japan vs Sweden,2026-06-25T23:00:00Z,1x2,draw,best,3.7,2026-06-23T17:31:05-06:00
Japan vs Sweden,2026-06-25T23:00:00Z,1x2,away,best,4.6,2026-06-23T17:31:05-06:00
Japan vs Sweden,2026-06-25T23:00:00Z,ou_2.5,over,best,1.8,2026-06-23T17:31:05-06:00
Japan vs Sweden,2026-06-25T23:00:00Z,ou_2.5,under,best,2.16,2026-06-23T17:31:05-06:00
Tunisia vs Netherlands,2026-06-25T23:00:00Z,1x2,home,pinnacle,19.61,2026-06-23T17:31:05-06:00
Tunisia vs Netherlands,2026-06-25T23:00:00Z,1x2,draw,pinnacle,8.47,2026-06-23T17:31:05-06:00
Tunisia vs Netherlands,2026-06-25T23:00:00Z,1x2,away,pinnacle,1.13,2026-06-23T17:31:05-06:00
Tunisia vs Netherlands,2026-06-25T23:00:00Z,1x2,home,best,29.0,2026-06-23T17:31:05-06:00
Tunisia vs Netherlands,2026-06-25T23:00:00Z,1x2,draw,best,10.0,2026-06-23T17:31:05-06:00
Tunisia vs Netherlands,2026-06-25T23:00:00Z,1x2,away,best,1.16,2026-06-23T17:31:05-06:00
Tunisia vs Netherlands,2026-06-25T23:00:00Z,ou_2.5,over,best,1.47,2026-06-23T17:31:05-06:00
Tunisia vs Netherlands,2026-06-25T23:00:00Z,ou_2.5,under,best,2.72,2026-06-23T17:31:05-06:00
Paraguay vs Australia,2026-06-26T02:00:00Z,1x2,home,pinnacle,2.94,2026-06-23T17:31:05-06:00
Paraguay vs Australia,2026-06-26T02:00:00Z,1x2,draw,pinnacle,2.14,2026-06-23T17:31:05-06:00
Paraguay vs Australia,2026-06-26T02:00:00Z,1x2,away,pinnacle,4.04,2026-06-23T17:31:05-06:00
Paraguay vs Australia,2026-06-26T02:00:00Z,1x2,home,best,3.2,2026-06-23T17:31:05-06:00
Paraguay vs Australia,2026-06-26T02:00:00Z,1x2,draw,best,2.3,2026-06-23T17:31:05-06:00
Paraguay vs Australia,2026-06-26T02:00:00Z,1x2,away,best,4.25,2026-06-23T17:31:05-06:00
Paraguay vs Australia,2026-06-26T02:00:00Z,ou_2.5,over,best,3.0,2026-06-23T17:31:05-06:00
Paraguay vs Australia,2026-06-26T02:00:00Z,ou_2.5,under,best,1.42,2026-06-23T17:31:05-06:00
Turkey vs USA,2026-06-26T02:00:00Z,1x2,home,pinnacle,3.52,2026-06-23T17:31:05-06:00
Turkey vs USA,2026-06-26T02:00:00Z,1x2,draw,pinnacle,4.14,2026-06-23T17:31:05-06:00
Turkey vs USA,2026-06-26T02:00:00Z,1x2,away,pinnacle,1.94,2026-06-23T17:31:05-06:00
Turkey vs USA,2026-06-26T02:00:00Z,1x2,home,best,3.8,2026-06-23T17:31:05-06:00
Turkey vs USA,2026-06-26T02:00:00Z,1x2,draw,best,4.25,2026-06-23T17:31:05-06:00
Turkey vs USA,2026-06-26T02:00:00Z,1x2,away,best,2.0,2026-06-23T17:31:05-06:00
Turkey vs USA,2026-06-26T02:00:00Z,ou_2.5,over,best,1.76,2026-06-23T17:31:05-06:00
Turkey vs USA,2026-06-26T02:00:00Z,ou_2.5,under,best,2.19,2026-06-23T17:31:05-06:00
Norway vs France,2026-06-26T19:00:00Z,1x2,home,pinnacle,5.25,2026-06-23T17:31:05-06:00
Norway vs France,2026-06-26T19:00:00Z,1x2,draw,pinnacle,4.32,2026-06-23T17:31:05-06:00
Norway vs France,2026-06-26T19:00:00Z,1x2,away,pinnacle,1.61,2026-06-23T17:31:05-06:00
Norway vs France,2026-06-26T19:00:00Z,1x2,home,best,5.4,2026-06-23T17:31:05-06:00
Norway vs France,2026-06-26T19:00:00Z,1x2,draw,best,4.75,2026-06-23T17:31:05-06:00
Norway vs France,2026-06-26T19:00:00Z,1x2,away,best,1.69,2026-06-23T17:31:05-06:00
Norway vs France,2026-06-26T19:00:00Z,ou_2.5,over,best,1.72,2026-06-23T17:31:05-06:00
Norway vs France,2026-06-26T19:00:00Z,ou_2.5,under,best,2.32,2026-06-23T17:31:05-06:00
Senegal vs Iraq,2026-06-26T19:00:00Z,1x2,home,pinnacle,1.22,2026-06-23T17:31:05-06:00
Senegal vs Iraq,2026-06-26T19:00:00Z,1x2,draw,pinnacle,6.77,2026-06-23T17:31:05-06:00
Senegal vs Iraq,2026-06-26T19:00:00Z,1x2,away,pinnacle,12.38,2026-06-23T17:31:05-06:00
Senegal vs Iraq,2026-06-26T19:00:00Z,1x2,home,best,1.26,2026-06-23T17:31:05-06:00
Senegal vs Iraq,2026-06-26T19:00:00Z,1x2,draw,best,7.5,2026-06-23T17:31:05-06:00
Senegal vs Iraq,2026-06-26T19:00:00Z,1x2,away,best,15.0,2026-06-23T17:31:05-06:00
Senegal vs Iraq,2026-06-26T19:00:00Z,ou_2.5,over,best,1.55,2026-06-23T17:31:05-06:00
Senegal vs Iraq,2026-06-26T19:00:00Z,ou_2.5,under,best,2.6,2026-06-23T17:31:05-06:00
Cape Verde vs Saudi Arabia,2026-06-27T00:00:00Z,1x2,home,pinnacle,2.47,2026-06-23T17:31:05-06:00
Cape Verde vs Saudi Arabia,2026-06-27T00:00:00Z,1x2,draw,pinnacle,3.41,2026-06-23T17:31:05-06:00
Cape Verde vs Saudi Arabia,2026-06-27T00:00:00Z,1x2,away,pinnacle,2.94,2026-06-23T17:31:05-06:00
Cape Verde vs Saudi Arabia,2026-06-27T00:00:00Z,ou_2.5,over,pinnacle,2.07,2026-06-23T17:31:05-06:00
Cape Verde vs Saudi Arabia,2026-06-27T00:00:00Z,ou_2.5,under,pinnacle,1.81,2026-06-23T17:31:05-06:00
Cape Verde vs Saudi Arabia,2026-06-27T00:00:00Z,1x2,home,best,2.52,2026-06-23T17:31:05-06:00
Cape Verde vs Saudi Arabia,2026-06-27T00:00:00Z,1x2,draw,best,3.66,2026-06-23T17:31:05-06:00
Cape Verde vs Saudi Arabia,2026-06-27T00:00:00Z,1x2,away,best,3.05,2026-06-23T17:31:05-06:00
Cape Verde vs Saudi Arabia,2026-06-27T00:00:00Z,ou_2.5,over,best,2.12,2026-06-23T17:31:05-06:00
Cape Verde vs Saudi Arabia,2026-06-27T00:00:00Z,ou_2.5,under,best,1.87,2026-06-23T17:31:05-06:00
Uruguay vs Spain,2026-06-27T00:00:00Z,1x2,home,pinnacle,7.26,2026-06-23T17:31:05-06:00
Uruguay vs Spain,2026-06-27T00:00:00Z,1x2,draw,pinnacle,4.1,2026-06-23T17:31:05-06:00
Uruguay vs Spain,2026-06-27T00:00:00Z,1x2,away,pinnacle,1.51,2026-06-23T17:31:05-06:00
Uruguay vs Spain,2026-06-27T00:00:00Z,ou_2.5,over,pinnacle,1.85,2026-06-23T17:31:05-06:00
Uruguay vs Spain,2026-06-27T00:00:00Z,ou_2.5,under,pinnacle,2.02,2026-06-23T17:31:05-06:00
Uruguay vs Spain,2026-06-27T00:00:00Z,1x2,home,best,8.0,2026-06-23T17:31:05-06:00
Uruguay vs Spain,2026-06-27T00:00:00Z,1x2,draw,best,4.4,2026-06-23T17:31:05-06:00
Uruguay vs Spain,2026-06-27T00:00:00Z,1x2,away,best,1.55,2026-06-23T17:31:05-06:00
Uruguay vs Spain,2026-06-27T00:00:00Z,ou_2.5,over,best,1.89,2026-06-23T17:31:05-06:00
Uruguay vs Spain,2026-06-27T00:00:00Z,ou_2.5,under,best,2.07,2026-06-23T17:31:05-06:00
New Zealand vs Belgium,2026-06-27T03:00:00Z,1x2,home,pinnacle,14.43,2026-06-23T17:31:05-06:00
New Zealand vs Belgium,2026-06-27T03:00:00Z,1x2,draw,pinnacle,7.19,2026-06-23T17:31:05-06:00
New Zealand vs Belgium,2026-06-27T03:00:00Z,1x2,away,pinnacle,1.19,2026-06-23T17:31:05-06:00
New Zealand vs Belgium,2026-06-27T03:00:00Z,1x2,home,best,18.5,2026-06-23T17:31:05-06:00
New Zealand vs Belgium,2026-06-27T03:00:00Z,1x2,draw,best,8.0,2026-06-23T17:31:05-06:00
New Zealand vs Belgium,2026-06-27T03:00:00Z,1x2,away,best,1.23,2026-06-23T17:31:05-06:00
New Zealand vs Belgium,2026-06-27T03:00:00Z,ou_2.5,over,best,1.58,2026-06-23T17:31:05-06:00
New Zealand vs Belgium,2026-06-27T03:00:00Z,ou_2.5,under,best,2.55,2026-06-23T17:31:05-06:00
Egypt vs Iran,2026-06-27T03:00:00Z,1x2,home,pinnacle,2.47,2026-06-23T17:31:05-06:00
Egypt vs Iran,2026-06-27T03:00:00Z,1x2,draw,pinnacle,2.59,2026-06-23T17:31:05-06:00
Egypt vs Iran,2026-06-27T03:00:00Z,1x2,away,pinnacle,3.85,2026-06-23T17:31:05-06:00
Egypt vs Iran,2026-06-27T03:00:00Z,1x2,home,best,2.55,2026-06-23T17:31:05-06:00
Egypt vs Iran,2026-06-27T03:00:00Z,1x2,draw,best,2.8,2026-06-23T17:31:05-06:00
Egypt vs Iran,2026-06-27T03:00:00Z,1x2,away,best,4.1,2026-06-23T17:31:05-06:00
Egypt vs Iran,2026-06-27T03:00:00Z,ou_2.5,over,best,2.9,2026-06-23T17:31:05-06:00
Egypt vs Iran,2026-06-27T03:00:00Z,ou_2.5,under,best,1.47,2026-06-23T17:31:05-06:00
Croatia vs Ghana,2026-06-27T21:00:00Z,1x2,home,pinnacle,1.68,2026-06-23T17:31:05-06:00
Croatia vs Ghana,2026-06-27T21:00:00Z,1x2,draw,pinnacle,3.37,2026-06-23T17:31:05-06:00
Croatia vs Ghana,2026-06-27T21:00:00Z,1x2,away,pinnacle,5.55,2026-06-23T17:31:05-06:00
Croatia vs Ghana,2026-06-27T21:00:00Z,1x2,home,best,1.78,2026-06-23T17:31:05-06:00
Croatia vs Ghana,2026-06-27T21:00:00Z,1x2,draw,best,3.75,2026-06-23T17:31:05-06:00
Croatia vs Ghana,2026-06-27T21:00:00Z,1x2,away,best,6.0,2026-06-23T17:31:05-06:00
Croatia vs Ghana,2026-06-27T21:00:00Z,ou_2.5,over,best,2.2,2026-06-23T17:31:05-06:00
Croatia vs Ghana,2026-06-27T21:00:00Z,ou_2.5,under,best,1.76,2026-06-23T17:31:05-06:00
Panama vs England,2026-06-27T21:00:00Z,1x2,home,pinnacle,12.32,2026-06-23T17:31:05-06:00
Panama vs England,2026-06-27T21:00:00Z,1x2,draw,pinnacle,7.04,2026-06-23T17:31:05-06:00
Panama vs England,2026-06-27T21:00:00Z,1x2,away,pinnacle,1.17,2026-06-23T17:31:05-06:00
Panama vs England,2026-06-27T21:00:00Z,1x2,home,best,17.0,2026-06-23T17:31:05-06:00
Panama vs England,2026-06-27T21:00:00Z,1x2,draw,best,8.2,2026-06-23T17:31:05-06:00
Panama vs England,2026-06-27T21:00:00Z,1x2,away,best,1.21,2026-06-23T17:31:05-06:00
Panama vs England,2026-06-27T21:00:00Z,ou_2.5,over,best,1.54,2026-06-23T17:31:05-06:00
Panama vs England,2026-06-27T21:00:00Z,ou_2.5,under,best,2.5,2026-06-23T17:31:05-06:00
Colombia vs Portugal,2026-06-27T23:30:00Z,1x2,home,pinnacle,3.79,2026-06-23T17:31:05-06:00
Colombia vs Portugal,2026-06-27T23:30:00Z,1x2,draw,pinnacle,3.64,2026-06-23T17:31:05-06:00
Colombia vs Portugal,2026-06-27T23:30:00Z,1x2,away,pinnacle,1.88,2026-06-23T17:31:05-06:00
Colombia vs Portugal,2026-06-27T23:30:00Z,1x2,home,best,4.0,2026-06-23T17:31:05-06:00
Colombia vs Portugal,2026-06-27T23:30:00Z,1x2,draw,best,4.0,2026-06-23T17:31:05-06:00
Colombia vs Portugal,2026-06-27T23:30:00Z,1x2,away,best,2.06,2026-06-23T17:31:05-06:00
Colombia vs Portugal,2026-06-27T23:30:00Z,ou_2.5,over,best,2.11,2026-06-23T17:31:05-06:00
Colombia vs Portugal,2026-06-27T23:30:00Z,ou_2.5,under,best,1.87,2026-06-23T17:31:05-06:00
DR Congo vs Uzbekistan,2026-06-27T23:30:00Z,1x2,home,pinnacle,1.84,2026-06-23T17:31:05-06:00
DR Congo vs Uzbekistan,2026-06-27T23:30:00Z,1x2,draw,pinnacle,3.87,2026-06-23T17:31:05-06:00
DR Congo vs Uzbekistan,2026-06-27T23:30:00Z,1x2,away,pinnacle,3.73,2026-06-23T17:31:05-06:00
DR Congo vs Uzbekistan,2026-06-27T23:30:00Z,1x2,home,best,1.97,2026-06-23T17:31:05-06:00
DR Congo vs Uzbekistan,2026-06-27T23:30:00Z,1x2,draw,best,4.1,2026-06-23T17:31:05-06:00
DR Congo vs Uzbekistan,2026-06-27T23:30:00Z,1x2,away,best,4.33,2026-06-23T17:31:05-06:00
DR Congo vs Uzbekistan,2026-06-27T23:30:00Z,ou_2.5,over,best,2.1,2026-06-23T17:31:05-06:00
DR Congo vs Uzbekistan,2026-06-27T23:30:00Z,ou_2.5,under,best,1.83,2026-06-23T17:31:05-06:00
Algeria vs Austria,2026-06-28T02:00:00Z,1x2,home,pinnacle,3.94,2026-06-23T17:31:05-06:00
Algeria vs Austria,2026-06-28T02:00:00Z,1x2,draw,pinnacle,2.14,2026-06-23T17:31:05-06:00
Algeria vs Austria,2026-06-28T02:00:00Z,1x2,away,pinnacle,2.88,2026-06-23T17:31:05-06:00
Algeria vs Austria,2026-06-28T02:00:00Z,1x2,home,best,4.02,2026-06-23T17:31:05-06:00
Algeria vs Austria,2026-06-28T02:00:00Z,1x2,draw,best,2.46,2026-06-23T17:31:05-06:00
Algeria vs Austria,2026-06-28T02:00:00Z,1x2,away,best,2.98,2026-06-23T17:31:05-06:00
Algeria vs Austria,2026-06-28T02:00:00Z,ou_2.5,over,best,2.7,2026-06-23T17:31:05-06:00
Algeria vs Austria,2026-06-28T02:00:00Z,ou_2.5,under,best,1.48,2026-06-23T17:31:05-06:00
Jordan vs Argentina,2026-06-28T02:00:00Z,1x2,home,pinnacle,13.84,2026-06-23T17:31:05-06:00
Jordan vs Argentina,2026-06-28T02:00:00Z,1x2,draw,pinnacle,7.45,2026-06-23T17:31:05-06:00
Jordan vs Argentina,2026-06-28T02:00:00Z,1x2,away,pinnacle,1.19,2026-06-23T17:31:05-06:00
Jordan vs Argentina,2026-06-28T02:00:00Z,1x2,home,best,19.0,2026-06-23T17:31:05-06:00
Jordan vs Argentina,2026-06-28T02:00:00Z,1x2,draw,best,8.0,2026-06-23T17:31:05-06:00
Jordan vs Argentina,2026-06-28T02:00:00Z,1x2,away,best,1.23,2026-06-23T17:31:05-06:00
Jordan vs Argentina,2026-06-28T02:00:00Z,ou_2.5,over,best,1.62,2026-06-23T17:31:05-06:00
Jordan vs Argentina,2026-06-28T02:00:00Z,ou_2.5,under,best,2.43,2026-06-23T17:31:05-06:00
Scotland vs Brazil,2026-06-24T22:05:00Z,1x2,home,pinnacle,10.25,2026-06-24T16:00:07-06:00
Scotland vs Brazil,2026-06-24T22:05:00Z,1x2,draw,pinnacle,5.45,2026-06-24T16:00:07-06:00
Scotland vs Brazil,2026-06-24T22:05:00Z,1x2,away,pinnacle,1.36,2026-06-24T16:00:07-06:00
Scotland vs Brazil,2026-06-24T22:05:00Z,ou_2.5,over,pinnacle,1.85,2026-06-24T16:00:07-06:00
Scotland vs Brazil,2026-06-24T22:05:00Z,ou_2.5,under,pinnacle,2.07,2026-06-24T16:00:07-06:00
Scotland vs Brazil,2026-06-24T22:05:00Z,1x2,home,best,11.5,2026-06-24T16:00:07-06:00
Scotland vs Brazil,2026-06-24T22:05:00Z,1x2,draw,best,6.1,2026-06-24T16:00:07-06:00
Scotland vs Brazil,2026-06-24T22:05:00Z,1x2,away,best,1.36,2026-06-24T16:00:07-06:00
Scotland vs Brazil,2026-06-24T22:05:00Z,ou_2.5,over,best,1.89,2026-06-24T16:00:07-06:00
Scotland vs Brazil,2026-06-24T22:05:00Z,ou_2.5,under,best,2.12,2026-06-24T16:00:07-06:00
Morocco vs Haiti,2026-06-24T22:05:00Z,1x2,home,pinnacle,1.31,2026-06-24T16:00:07-06:00
Morocco vs Haiti,2026-06-24T22:05:00Z,1x2,draw,pinnacle,5.9,2026-06-24T16:00:07-06:00
Morocco vs Haiti,2026-06-24T22:05:00Z,1x2,away,pinnacle,11.0,2026-06-24T16:00:07-06:00
Morocco vs Haiti,2026-06-24T22:05:00Z,1x2,home,best,1.34,2026-06-24T16:00:07-06:00
Morocco vs Haiti,2026-06-24T22:05:00Z,1x2,draw,best,6.6,2026-06-24T16:00:07-06:00
Morocco vs Haiti,2026-06-24T22:05:00Z,1x2,away,best,13.0,2026-06-24T16:00:07-06:00
Morocco vs Haiti,2026-06-24T22:05:00Z,ou_2.5,over,best,1.7,2026-06-24T16:00:07-06:00
Morocco vs Haiti,2026-06-24T22:05:00Z,ou_2.5,under,best,2.42,2026-06-24T16:00:07-06:00
Czech Republic vs Mexico,2026-06-25T01:00:00Z,1x2,home,pinnacle,3.84,2026-06-24T16:00:07-06:00
Czech Republic vs Mexico,2026-06-25T01:00:00Z,1x2,draw,pinnacle,3.96,2026-06-24T16:00:07-06:00
Czech Republic vs Mexico,2026-06-25T01:00:00Z,1x2,away,pinnacle,1.96,2026-06-24T16:00:07-06:00
Czech Republic vs Mexico,2026-06-25T01:00:00Z,ou_2.5,over,pinnacle,2.07,2026-06-24T16:00:07-06:00
Czech Republic vs Mexico,2026-06-25T01:00:00Z,ou_2.5,under,pinnacle,1.85,2026-06-24T16:00:07-06:00
Czech Republic vs Mexico,2026-06-25T01:00:00Z,1x2,home,best,4.0,2026-06-24T16:00:07-06:00
Czech Republic vs Mexico,2026-06-25T01:00:00Z,1x2,draw,best,4.0,2026-06-24T16:00:07-06:00
Czech Republic vs Mexico,2026-06-25T01:00:00Z,1x2,away,best,2.0,2026-06-24T16:00:07-06:00
Czech Republic vs Mexico,2026-06-25T01:00:00Z,ou_2.5,over,best,2.1,2026-06-24T16:00:07-06:00
Czech Republic vs Mexico,2026-06-25T01:00:00Z,ou_2.5,under,best,1.89,2026-06-24T16:00:07-06:00
South Africa vs South Korea,2026-06-25T01:00:00Z,1x2,home,pinnacle,6.12,2026-06-24T16:00:07-06:00
South Africa vs South Korea,2026-06-25T01:00:00Z,1x2,draw,pinnacle,4.04,2026-06-24T16:00:07-06:00
South Africa vs South Korea,2026-06-25T01:00:00Z,1x2,away,pinnacle,1.63,2026-06-24T16:00:07-06:00
South Africa vs South Korea,2026-06-25T01:00:00Z,1x2,home,best,6.6,2026-06-24T16:00:07-06:00
South Africa vs South Korea,2026-06-25T01:00:00Z,1x2,draw,best,4.1,2026-06-24T16:00:07-06:00
South Africa vs South Korea,2026-06-25T01:00:00Z,1x2,away,best,1.65,2026-06-24T16:00:07-06:00
South Africa vs South Korea,2026-06-25T01:00:00Z,ou_2.5,over,best,2.09,2026-06-24T16:00:07-06:00
South Africa vs South Korea,2026-06-25T01:00:00Z,ou_2.5,under,best,1.87,2026-06-24T16:00:07-06:00
Curaçao vs Ivory Coast,2026-06-25T20:00:00Z,1x2,home,pinnacle,16.73,2026-06-24T16:00:07-06:00
Curaçao vs Ivory Coast,2026-06-25T20:00:00Z,1x2,draw,pinnacle,7.94,2026-06-24T16:00:07-06:00
Curaçao vs Ivory Coast,2026-06-25T20:00:00Z,1x2,away,pinnacle,1.15,2026-06-24T16:00:07-06:00
Curaçao vs Ivory Coast,2026-06-25T20:00:00Z,1x2,home,best,24.0,2026-06-24T16:00:07-06:00
Curaçao vs Ivory Coast,2026-06-25T20:00:00Z,1x2,draw,best,9.5,2026-06-24T16:00:07-06:00
Curaçao vs Ivory Coast,2026-06-25T20:00:00Z,1x2,away,best,1.19,2026-06-24T16:00:07-06:00
Curaçao vs Ivory Coast,2026-06-25T20:00:00Z,ou_2.5,over,best,1.52,2026-06-24T16:00:07-06:00
Curaçao vs Ivory Coast,2026-06-25T20:00:00Z,ou_2.5,under,best,2.55,2026-06-24T16:00:07-06:00
Ecuador vs Germany,2026-06-25T20:00:00Z,1x2,home,pinnacle,3.8,2026-06-24T16:00:07-06:00
Ecuador vs Germany,2026-06-25T20:00:00Z,1x2,draw,pinnacle,4.32,2026-06-24T16:00:07-06:00
Ecuador vs Germany,2026-06-25T20:00:00Z,1x2,away,pinnacle,1.85,2026-06-24T16:00:07-06:00
Ecuador vs Germany,2026-06-25T20:00:00Z,1x2,home,best,4.2,2026-06-24T16:00:07-06:00
Ecuador vs Germany,2026-06-25T20:00:00Z,1x2,draw,best,4.4,2026-06-24T16:00:07-06:00
Ecuador vs Germany,2026-06-25T20:00:00Z,1x2,away,best,1.9,2026-06-24T16:00:07-06:00
Ecuador vs Germany,2026-06-25T20:00:00Z,ou_2.5,over,best,1.76,2026-06-24T16:00:07-06:00
Ecuador vs Germany,2026-06-25T20:00:00Z,ou_2.5,under,best,2.19,2026-06-24T16:00:07-06:00
Japan vs Sweden,2026-06-25T23:00:00Z,1x2,home,pinnacle,1.88,2026-06-24T16:00:07-06:00
Japan vs Sweden,2026-06-25T23:00:00Z,1x2,draw,pinnacle,3.52,2026-06-24T16:00:07-06:00
Japan vs Sweden,2026-06-25T23:00:00Z,1x2,away,pinnacle,4.59,2026-06-24T16:00:07-06:00
Japan vs Sweden,2026-06-25T23:00:00Z,1x2,home,best,1.96,2026-06-24T16:00:07-06:00
Japan vs Sweden,2026-06-25T23:00:00Z,1x2,draw,best,3.65,2026-06-24T16:00:07-06:00
Japan vs Sweden,2026-06-25T23:00:00Z,1x2,away,best,4.7,2026-06-24T16:00:07-06:00
Japan vs Sweden,2026-06-25T23:00:00Z,ou_2.5,over,best,1.79,2026-06-24T16:00:07-06:00
Japan vs Sweden,2026-06-25T23:00:00Z,ou_2.5,under,best,2.16,2026-06-24T16:00:07-06:00
Tunisia vs Netherlands,2026-06-25T23:00:00Z,1x2,home,pinnacle,22.72,2026-06-24T16:00:07-06:00
Tunisia vs Netherlands,2026-06-25T23:00:00Z,1x2,draw,pinnacle,10.88,2026-06-24T16:00:07-06:00
Tunisia vs Netherlands,2026-06-25T23:00:00Z,1x2,away,pinnacle,1.09,2026-06-24T16:00:07-06:00
Tunisia vs Netherlands,2026-06-25T23:00:00Z,1x2,home,best,34.0,2026-06-24T16:00:07-06:00
Tunisia vs Netherlands,2026-06-25T23:00:00Z,1x2,draw,best,11.8,2026-06-24T16:00:07-06:00
Tunisia vs Netherlands,2026-06-25T23:00:00Z,1x2,away,best,1.16,2026-06-24T16:00:07-06:00
Tunisia vs Netherlands,2026-06-25T23:00:00Z,ou_2.5,over,best,1.42,2026-06-24T16:00:07-06:00
Tunisia vs Netherlands,2026-06-25T23:00:00Z,ou_2.5,under,best,2.92,2026-06-24T16:00:07-06:00
Paraguay vs Australia,2026-06-26T02:00:00Z,1x2,home,pinnacle,2.75,2026-06-24T16:00:07-06:00
Paraguay vs Australia,2026-06-26T02:00:00Z,1x2,draw,pinnacle,2.24,2026-06-24T16:00:07-06:00
Paraguay vs Australia,2026-06-26T02:00:00Z,1x2,away,pinnacle,4.08,2026-06-24T16:00:07-06:00
Paraguay vs Australia,2026-06-26T02:00:00Z,1x2,home,best,3.03,2026-06-24T16:00:07-06:00
Paraguay vs Australia,2026-06-26T02:00:00Z,1x2,draw,best,2.36,2026-06-24T16:00:07-06:00
Paraguay vs Australia,2026-06-26T02:00:00Z,1x2,away,best,4.43,2026-06-24T16:00:07-06:00
Paraguay vs Australia,2026-06-26T02:00:00Z,ou_2.5,over,best,3.0,2026-06-24T16:00:07-06:00
Paraguay vs Australia,2026-06-26T02:00:00Z,ou_2.5,under,best,1.41,2026-06-24T16:00:07-06:00
Turkey vs USA,2026-06-26T02:00:00Z,1x2,home,pinnacle,3.49,2026-06-24T16:00:07-06:00
Turkey vs USA,2026-06-26T02:00:00Z,1x2,draw,pinnacle,4.16,2026-06-24T16:00:07-06:00
Turkey vs USA,2026-06-26T02:00:00Z,1x2,away,pinnacle,1.94,2026-06-24T16:00:07-06:00
Turkey vs USA,2026-06-26T02:00:00Z,1x2,home,best,3.8,2026-06-24T16:00:07-06:00
Turkey vs USA,2026-06-26T02:00:00Z,1x2,draw,best,4.29,2026-06-24T16:00:07-06:00
Turkey vs USA,2026-06-26T02:00:00Z,1x2,away,best,1.99,2026-06-24T16:00:07-06:00
Turkey vs USA,2026-06-26T02:00:00Z,ou_2.5,over,best,1.75,2026-06-24T16:00:07-06:00
Turkey vs USA,2026-06-26T02:00:00Z,ou_2.5,under,best,2.19,2026-06-24T16:00:07-06:00
Norway vs France,2026-06-26T19:00:00Z,1x2,home,pinnacle,4.7,2026-06-24T16:00:07-06:00
Norway vs France,2026-06-26T19:00:00Z,1x2,draw,pinnacle,4.33,2026-06-24T16:00:07-06:00
Norway vs France,2026-06-26T19:00:00Z,1x2,away,pinnacle,1.67,2026-06-24T16:00:07-06:00
Norway vs France,2026-06-26T19:00:00Z,1x2,home,best,5.0,2026-06-24T16:00:07-06:00
Norway vs France,2026-06-26T19:00:00Z,1x2,draw,best,4.7,2026-06-24T16:00:07-06:00
Norway vs France,2026-06-26T19:00:00Z,1x2,away,best,1.71,2026-06-24T16:00:07-06:00
Norway vs France,2026-06-26T19:00:00Z,ou_2.5,over,best,1.72,2026-06-24T16:00:07-06:00
Norway vs France,2026-06-26T19:00:00Z,ou_2.5,under,best,2.36,2026-06-24T16:00:07-06:00
Senegal vs Iraq,2026-06-26T19:00:00Z,1x2,home,pinnacle,1.22,2026-06-24T16:00:07-06:00
Senegal vs Iraq,2026-06-26T19:00:00Z,1x2,draw,pinnacle,6.81,2026-06-24T16:00:07-06:00
Senegal vs Iraq,2026-06-26T19:00:00Z,1x2,away,pinnacle,12.4,2026-06-24T16:00:07-06:00
Senegal vs Iraq,2026-06-26T19:00:00Z,1x2,home,best,1.25,2026-06-24T16:00:07-06:00
Senegal vs Iraq,2026-06-26T19:00:00Z,1x2,draw,best,7.2,2026-06-24T16:00:07-06:00
Senegal vs Iraq,2026-06-26T19:00:00Z,1x2,away,best,15.0,2026-06-24T16:00:07-06:00
Senegal vs Iraq,2026-06-26T19:00:00Z,ou_2.5,over,best,1.56,2026-06-24T16:00:07-06:00
Senegal vs Iraq,2026-06-26T19:00:00Z,ou_2.5,under,best,2.6,2026-06-24T16:00:07-06:00
Cape Verde vs Saudi Arabia,2026-06-27T00:00:00Z,1x2,home,pinnacle,2.52,2026-06-24T16:00:07-06:00
Cape Verde vs Saudi Arabia,2026-06-27T00:00:00Z,1x2,draw,pinnacle,3.42,2026-06-24T16:00:07-06:00
Cape Verde vs Saudi Arabia,2026-06-27T00:00:00Z,1x2,away,pinnacle,2.87,2026-06-24T16:00:07-06:00
Cape Verde vs Saudi Arabia,2026-06-27T00:00:00Z,ou_2.5,over,pinnacle,2.07,2026-06-24T16:00:07-06:00
Cape Verde vs Saudi Arabia,2026-06-27T00:00:00Z,ou_2.5,under,pinnacle,1.81,2026-06-24T16:00:07-06:00
Cape Verde vs Saudi Arabia,2026-06-27T00:00:00Z,1x2,home,best,2.56,2026-06-24T16:00:07-06:00
Cape Verde vs Saudi Arabia,2026-06-27T00:00:00Z,1x2,draw,best,3.6,2026-06-24T16:00:07-06:00
Cape Verde vs Saudi Arabia,2026-06-27T00:00:00Z,1x2,away,best,3.1,2026-06-24T16:00:07-06:00
Cape Verde vs Saudi Arabia,2026-06-27T00:00:00Z,ou_2.5,over,best,2.12,2026-06-24T16:00:07-06:00
Cape Verde vs Saudi Arabia,2026-06-27T00:00:00Z,ou_2.5,under,best,1.84,2026-06-24T16:00:07-06:00
Uruguay vs Spain,2026-06-27T00:00:00Z,1x2,home,pinnacle,7.35,2026-06-24T16:00:07-06:00
Uruguay vs Spain,2026-06-27T00:00:00Z,1x2,draw,pinnacle,4.13,2026-06-24T16:00:07-06:00
Uruguay vs Spain,2026-06-27T00:00:00Z,1x2,away,pinnacle,1.5,2026-06-24T16:00:07-06:00
Uruguay vs Spain,2026-06-27T00:00:00Z,ou_2.5,over,pinnacle,1.85,2026-06-24T16:00:07-06:00
Uruguay vs Spain,2026-06-27T00:00:00Z,ou_2.5,under,pinnacle,2.02,2026-06-24T16:00:07-06:00
Uruguay vs Spain,2026-06-27T00:00:00Z,1x2,home,best,8.0,2026-06-24T16:00:07-06:00
Uruguay vs Spain,2026-06-27T00:00:00Z,1x2,draw,best,4.3,2026-06-24T16:00:07-06:00
Uruguay vs Spain,2026-06-27T00:00:00Z,1x2,away,best,1.55,2026-06-24T16:00:07-06:00
Uruguay vs Spain,2026-06-27T00:00:00Z,ou_2.5,over,best,1.88,2026-06-24T16:00:07-06:00
Uruguay vs Spain,2026-06-27T00:00:00Z,ou_2.5,under,best,2.08,2026-06-24T16:00:07-06:00
New Zealand vs Belgium,2026-06-27T03:00:00Z,1x2,home,pinnacle,17.3,2026-06-24T16:00:07-06:00
New Zealand vs Belgium,2026-06-27T03:00:00Z,1x2,draw,pinnacle,8.18,2026-06-24T16:00:07-06:00
New Zealand vs Belgium,2026-06-27T03:00:00Z,1x2,away,pinnacle,1.15,2026-06-24T16:00:07-06:00
New Zealand vs Belgium,2026-06-27T03:00:00Z,1x2,home,best,22.0,2026-06-24T16:00:07-06:00
New Zealand vs Belgium,2026-06-27T03:00:00Z,1x2,draw,best,9.3,2026-06-24T16:00:07-06:00
New Zealand vs Belgium,2026-06-27T03:00:00Z,1x2,away,best,1.21,2026-06-24T16:00:07-06:00
New Zealand vs Belgium,2026-06-27T03:00:00Z,ou_2.5,over,best,1.46,2026-06-24T16:00:07-06:00
New Zealand vs Belgium,2026-06-27T03:00:00Z,ou_2.5,under,best,2.75,2026-06-24T16:00:07-06:00
Egypt vs Iran,2026-06-27T03:00:00Z,1x2,home,pinnacle,2.49,2026-06-24T16:00:07-06:00
Egypt vs Iran,2026-06-27T03:00:00Z,1x2,draw,pinnacle,2.58,2026-06-24T16:00:07-06:00
Egypt vs Iran,2026-06-27T03:00:00Z,1x2,away,pinnacle,3.83,2026-06-24T16:00:07-06:00
Egypt vs Iran,2026-06-27T03:00:00Z,1x2,home,best,2.56,2026-06-24T16:00:07-06:00
Egypt vs Iran,2026-06-27T03:00:00Z,1x2,draw,best,2.75,2026-06-24T16:00:07-06:00
Egypt vs Iran,2026-06-27T03:00:00Z,1x2,away,best,4.0,2026-06-24T16:00:07-06:00
Egypt vs Iran,2026-06-27T03:00:00Z,ou_2.5,over,best,2.75,2026-06-24T16:00:07-06:00
Egypt vs Iran,2026-06-27T03:00:00Z,ou_2.5,under,best,1.46,2026-06-24T16:00:07-06:00
Croatia vs Ghana,2026-06-27T21:00:00Z,1x2,home,pinnacle,1.78,2026-06-24T16:00:07-06:00
Croatia vs Ghana,2026-06-27T21:00:00Z,1x2,draw,pinnacle,3.25,2026-06-24T16:00:07-06:00
Croatia vs Ghana,2026-06-27T21:00:00Z,1x2,away,pinnacle,5.87,2026-06-24T16:00:07-06:00
Croatia vs Ghana,2026-06-27T21:00:00Z,1x2,home,best,1.85,2026-06-24T16:00:07-06:00
Croatia vs Ghana,2026-06-27T21:00:00Z,1x2,draw,best,3.4,2026-06-24T16:00:07-06:00
Croatia vs Ghana,2026-06-27T21:00:00Z,1x2,away,best,6.2,2026-06-24T16:00:07-06:00
Croatia vs Ghana,2026-06-27T21:00:00Z,ou_2.5,over,best,2.35,2026-06-24T16:00:07-06:00
Croatia vs Ghana,2026-06-27T21:00:00Z,ou_2.5,under,best,1.71,2026-06-24T16:00:07-06:00
Panama vs England,2026-06-27T21:00:00Z,1x2,home,pinnacle,15.56,2026-06-24T16:00:07-06:00
Panama vs England,2026-06-27T21:00:00Z,1x2,draw,pinnacle,8.21,2026-06-24T16:00:07-06:00
Panama vs England,2026-06-27T21:00:00Z,1x2,away,pinnacle,1.16,2026-06-24T16:00:07-06:00
Panama vs England,2026-06-27T21:00:00Z,1x2,home,best,20.0,2026-06-24T16:00:07-06:00
Panama vs England,2026-06-27T21:00:00Z,1x2,draw,best,8.7,2026-06-24T16:00:07-06:00
Panama vs England,2026-06-27T21:00:00Z,1x2,away,best,1.2,2026-06-24T16:00:07-06:00
Panama vs England,2026-06-27T21:00:00Z,ou_2.5,over,best,1.46,2026-06-24T16:00:07-06:00
Panama vs England,2026-06-27T21:00:00Z,ou_2.5,under,best,2.8,2026-06-24T16:00:07-06:00
Colombia vs Portugal,2026-06-27T23:30:00Z,1x2,home,pinnacle,4.11,2026-06-24T16:00:07-06:00
Colombia vs Portugal,2026-06-27T23:30:00Z,1x2,draw,pinnacle,3.82,2026-06-24T16:00:07-06:00
Colombia vs Portugal,2026-06-27T23:30:00Z,1x2,away,pinnacle,1.86,2026-06-24T16:00:07-06:00
Colombia vs Portugal,2026-06-27T23:30:00Z,1x2,home,best,4.33,2026-06-24T16:00:07-06:00
Colombia vs Portugal,2026-06-27T23:30:00Z,1x2,draw,best,3.95,2026-06-24T16:00:07-06:00
Colombia vs Portugal,2026-06-27T23:30:00Z,1x2,away,best,1.97,2026-06-24T16:00:07-06:00
Colombia vs Portugal,2026-06-27T23:30:00Z,ou_2.5,over,best,2.11,2026-06-24T16:00:07-06:00
Colombia vs Portugal,2026-06-27T23:30:00Z,ou_2.5,under,best,1.86,2026-06-24T16:00:07-06:00
DR Congo vs Uzbekistan,2026-06-27T23:30:00Z,1x2,home,pinnacle,1.76,2026-06-24T16:00:07-06:00
DR Congo vs Uzbekistan,2026-06-27T23:30:00Z,1x2,draw,pinnacle,4.27,2026-06-24T16:00:07-06:00
DR Congo vs Uzbekistan,2026-06-27T23:30:00Z,1x2,away,pinnacle,4.2,2026-06-24T16:00:07-06:00
DR Congo vs Uzbekistan,2026-06-27T23:30:00Z,ou_2.5,over,pinnacle,1.91,2026-06-24T16:00:07-06:00
DR Congo vs Uzbekistan,2026-06-27T23:30:00Z,ou_2.5,under,pinnacle,1.96,2026-06-24T16:00:07-06:00
DR Congo vs Uzbekistan,2026-06-27T23:30:00Z,1x2,home,best,1.81,2026-06-24T16:00:07-06:00
DR Congo vs Uzbekistan,2026-06-27T23:30:00Z,1x2,draw,best,4.3,2026-06-24T16:00:07-06:00
DR Congo vs Uzbekistan,2026-06-27T23:30:00Z,1x2,away,best,4.7,2026-06-24T16:00:07-06:00
DR Congo vs Uzbekistan,2026-06-27T23:30:00Z,ou_2.5,over,best,1.94,2026-06-24T16:00:07-06:00
DR Congo vs Uzbekistan,2026-06-27T23:30:00Z,ou_2.5,under,best,1.99,2026-06-24T16:00:07-06:00
Algeria vs Austria,2026-06-28T02:00:00Z,1x2,home,pinnacle,3.9,2026-06-24T16:00:07-06:00
Algeria vs Austria,2026-06-28T02:00:00Z,1x2,draw,pinnacle,2.17,2026-06-24T16:00:07-06:00
Algeria vs Austria,2026-06-28T02:00:00Z,1x2,away,pinnacle,2.85,2026-06-24T16:00:07-06:00
Algeria vs Austria,2026-06-28T02:00:00Z,1x2,home,best,4.1,2026-06-24T16:00:07-06:00
Algeria vs Austria,2026-06-28T02:00:00Z,1x2,draw,best,2.36,2026-06-24T16:00:07-06:00
Algeria vs Austria,2026-06-28T02:00:00Z,1x2,away,best,2.97,2026-06-24T16:00:07-06:00
Algeria vs Austria,2026-06-28T02:00:00Z,ou_2.5,over,best,2.8,2026-06-24T16:00:07-06:00
Algeria vs Austria,2026-06-28T02:00:00Z,ou_2.5,under,best,1.43,2026-06-24T16:00:07-06:00
Jordan vs Argentina,2026-06-28T02:00:00Z,1x2,home,pinnacle,13.74,2026-06-24T16:00:07-06:00
Jordan vs Argentina,2026-06-28T02:00:00Z,1x2,draw,pinnacle,7.4,2026-06-24T16:00:07-06:00
Jordan vs Argentina,2026-06-28T02:00:00Z,1x2,away,pinnacle,1.19,2026-06-24T16:00:07-06:00
Jordan vs Argentina,2026-06-28T02:00:00Z,1x2,home,best,18.5,2026-06-24T16:00:07-06:00
Jordan vs Argentina,2026-06-28T02:00:00Z,1x2,draw,best,8.2,2026-06-24T16:00:07-06:00
Jordan vs Argentina,2026-06-28T02:00:00Z,1x2,away,best,1.22,2026-06-24T16:00:07-06:00
Jordan vs Argentina,2026-06-28T02:00:00Z,ou_2.5,over,best,1.62,2026-06-24T16:00:07-06:00
Jordan vs Argentina,2026-06-28T02:00:00Z,ou_2.5,under,best,2.43,2026-06-24T16:00:07-06:00
