match_key,date,match,side,team,player,shots,on_target,goals,assists,starter
2026-06-11-mex-sou,2026-06-11,Mexico vs South Africa,home,Mexico,Julián Quiñones,5,2,1,0,True
2026-06-11-mex-sou,2026-06-11,Mexico vs South Africa,home,Mexico,Raúl Jiménez,4,2,1,0,True
2026-06-11-mex-sou,2026-06-11,Mexico vs South Africa,home,Mexico,Brian Gutiérrez,4,0,0,0,True
2026-06-11-mex-sou,2026-06-11,Mexico vs South Africa,home,Mexico,Jesús Gallardo,2,0,0,0,True
2026-06-11-mex-sou,2026-06-11,Mexico vs South Africa,away,South Africa,Mbekezeli Mbokazi,1,1,0,0,True
2026-06-11-mex-sou,2026-06-11,Mexico vs South Africa,away,South Africa,Aubrey Modiba,1,1,0,0,True
2026-06-11-mex-sou,2026-06-11,Mexico vs South Africa,home,Mexico,Israel Reyes,1,0,0,0,True
2026-06-11-mex-sou,2026-06-11,Mexico vs South Africa,away,South Africa,Lyle Foster,1,0,0,0,True
2026-06-11-sou-cze,2026-06-11,South Korea vs Czech Republic,home,South Korea,Son Heung-Min,6,1,0,0,True
2026-06-11-sou-cze,2026-06-11,South Korea vs Czech Republic,home,South Korea,Hwang In-Beom,3,2,1,1,True
2026-06-11-sou-cze,2026-06-11,South Korea vs Czech Republic,away,Czechia,Michal Sadílek,2,2,0,0,False
2026-06-11-sou-cze,2026-06-11,South Korea vs Czech Republic,home,South Korea,Lee Jae-Sung,2,1,0,0,True
2026-06-11-sou-cze,2026-06-11,South Korea vs Czech Republic,away,Czechia,Adam Hlozek,2,1,0,0,False
2026-06-11-sou-cze,2026-06-11,South Korea vs Czech Republic,home,South Korea,Lee Kang-In,1,1,0,1,True
2026-06-11-sou-cze,2026-06-11,South Korea vs Czech Republic,home,South Korea,Oh Hyeon-Gyu,1,1,1,0,False
2026-06-11-sou-cze,2026-06-11,South Korea vs Czech Republic,away,Czechia,Ladislav Krejcí,1,1,1,0,True
2026-06-11-sou-cze,2026-06-11,South Korea vs Czech Republic,home,South Korea,Lee Han-Beom,1,0,0,0,True
2026-06-11-sou-cze,2026-06-11,South Korea vs Czech Republic,home,South Korea,Kim Jin-Gyu,1,0,0,0,False
2026-06-11-sou-cze,2026-06-11,South Korea vs Czech Republic,away,Czechia,Tomás Soucek,1,0,0,0,True
2026-06-11-sou-cze,2026-06-11,South Korea vs Czech Republic,away,Czechia,Pavel Sulc,1,0,0,0,True
2026-06-12-can-bos,2026-06-12,Canada vs Bosnia and Herzegovina,away,Bosnia-Herzegovina,Jovo Lukic,3,2,1,0,True
2026-06-12-can-bos,2026-06-12,Canada vs Bosnia and Herzegovina,home,Canada,Jonathan David,3,1,0,0,True
2026-06-12-can-bos,2026-06-12,Canada vs Bosnia and Herzegovina,home,Canada,Tani Oluwaseyi,2,1,0,0,True
2026-06-12-can-bos,2026-06-12,Canada vs Bosnia and Herzegovina,home,Canada,Cyle Larin,2,1,1,0,False
2026-06-12-can-bos,2026-06-12,Canada vs Bosnia and Herzegovina,home,Canada,Richie Laryea,1,1,0,0,True
2026-06-12-can-bos,2026-06-12,Canada vs Bosnia and Herzegovina,away,Bosnia-Herzegovina,Ermedin Demirovic,1,1,0,0,True
2026-06-12-can-bos,2026-06-12,Canada vs Bosnia and Herzegovina,home,Canada,Derek Cornelius,1,0,0,0,True
2026-06-12-can-bos,2026-06-12,Canada vs Bosnia and Herzegovina,home,Canada,Alistair Johnston,1,0,0,0,True
2026-06-12-can-bos,2026-06-12,Canada vs Bosnia and Herzegovina,home,Canada,Stephen Eustáquio,1,0,0,0,True
2026-06-12-can-bos,2026-06-12,Canada vs Bosnia and Herzegovina,home,Canada,Ismaël Koné,1,0,0,0,True
2026-06-12-can-bos,2026-06-12,Canada vs Bosnia and Herzegovina,home,Canada,Promise David,1,0,0,1,False
2026-06-12-can-bos,2026-06-12,Canada vs Bosnia and Herzegovina,away,Bosnia-Herzegovina,Tarik Muharemovic,1,0,0,0,True
2026-06-12-can-bos,2026-06-12,Canada vs Bosnia and Herzegovina,away,Bosnia-Herzegovina,Benjamin Tahirovic,1,0,0,0,True
2026-06-12-can-bos,2026-06-12,Canada vs Bosnia and Herzegovina,away,Bosnia-Herzegovina,Amar Memic,1,0,0,0,True
2026-06-12-can-bos,2026-06-12,Canada vs Bosnia and Herzegovina,away,Bosnia-Herzegovina,Dzenis Burnic,1,0,0,0,False
2026-06-12-uni-par,2026-06-12,United States vs Paraguay,home,United States,Folarin Balogun,5,3,2,0,True
2026-06-12-uni-par,2026-06-12,United States vs Paraguay,home,United States,Malik Tillman,5,2,0,1,True
2026-06-12-uni-par,2026-06-12,United States vs Paraguay,away,Paraguay,Diego Gómez,4,0,0,0,True
2026-06-12-uni-par,2026-06-12,United States vs Paraguay,home,United States,Timothy Weah,2,0,0,0,False
2026-06-12-uni-par,2026-06-12,United States vs Paraguay,away,Paraguay,Miguel Almirón,2,0,0,0,True
2026-06-12-uni-par,2026-06-12,United States vs Paraguay,away,Paraguay,Julio Enciso,2,0,0,1,True
2026-06-12-uni-par,2026-06-12,United States vs Paraguay,home,United States,Giovanni Reyna,1,1,1,0,False
2026-06-12-uni-par,2026-06-12,United States vs Paraguay,away,Paraguay,Maurício,1,1,1,0,False
2026-06-12-uni-par,2026-06-12,United States vs Paraguay,home,United States,Chris Richards,1,0,0,0,True
2026-06-12-uni-par,2026-06-12,United States vs Paraguay,home,United States,Sebastian Berhalter,1,0,0,0,False
2026-06-12-uni-par,2026-06-12,United States vs Paraguay,home,United States,Ricardo Pepi,1,0,0,0,False
2026-06-13-aus-tur,2026-06-13,Australia vs Turkey,away,Türkiye,Arda Güler,8,3,0,0,True
2026-06-13-aus-tur,2026-06-13,Australia vs Turkey,away,Türkiye,Kenan Yildiz,6,0,0,0,False
2026-06-13-aus-tur,2026-06-13,Australia vs Turkey,away,Türkiye,Hakan Çalhanoglu,5,2,0,0,True
2026-06-13-aus-tur,2026-06-13,Australia vs Turkey,away,Türkiye,Kerem Aktürkoglu,3,1,0,0,True
2026-06-13-aus-tur,2026-06-13,Australia vs Turkey,away,Türkiye,Ismail Yüksek,3,0,0,0,True
2026-06-13-aus-tur,2026-06-13,Australia vs Turkey,home,Australia,Nestory Irankunda,2,2,1,0,True
2026-06-13-aus-tur,2026-06-13,Australia vs Turkey,home,Australia,Jordan Bos,2,0,0,0,True
2026-06-13-aus-tur,2026-06-13,Australia vs Turkey,home,Australia,Harry Souttar,1,1,0,0,True
2026-06-13-aus-tur,2026-06-13,Australia vs Turkey,home,Australia,Connor Metcalfe,1,1,1,0,True
2026-06-13-aus-tur,2026-06-13,Australia vs Turkey,away,Türkiye,Abdülkerim Bardakçi,1,1,0,0,True
2026-06-13-aus-tur,2026-06-13,Australia vs Turkey,away,Türkiye,Zeki Çelik,1,1,0,0,True
2026-06-13-aus-tur,2026-06-13,Australia vs Turkey,home,Australia,Alessandro Circati,1,0,0,0,True
2026-06-13-aus-tur,2026-06-13,Australia vs Turkey,home,Australia,Jacob Italiano,1,0,0,0,True
2026-06-13-aus-tur,2026-06-13,Australia vs Turkey,home,Australia,Mohamed Toure,1,0,0,0,True
2026-06-13-aus-tur,2026-06-13,Australia vs Turkey,away,Türkiye,Merih Demiral,1,0,0,0,True
2026-06-13-aus-tur,2026-06-13,Australia vs Turkey,away,Türkiye,Ferdi Kadioglu,1,0,0,0,True
2026-06-13-aus-tur,2026-06-13,Australia vs Turkey,away,Türkiye,Orkun Kökçü,1,0,0,0,True
2026-06-13-bra-mor,2026-06-13,Brazil vs Morocco,away,Morocco,Ismael Saibari,3,1,1,0,True
2026-06-13-bra-mor,2026-06-13,Brazil vs Morocco,away,Morocco,Brahim Díaz,3,1,0,1,True
2026-06-13-bra-mor,2026-06-13,Brazil vs Morocco,away,Morocco,Achraf Hakimi,3,0,0,0,True
2026-06-13-bra-mor,2026-06-13,Brazil vs Morocco,away,Morocco,Neil El Aynaoui,3,0,0,0,True
2026-06-13-bra-mor,2026-06-13,Brazil vs Morocco,home,Brazil,Raphinha ,2,1,0,0,True
2026-06-13-bra-mor,2026-06-13,Brazil vs Morocco,home,Brazil,Igor Thiago,2,1,0,0,True
2026-06-13-bra-mor,2026-06-13,Brazil vs Morocco,home,Brazil,Lucas Paquetá,2,1,0,0,True
2026-06-13-bra-mor,2026-06-13,Brazil vs Morocco,home,Brazil,Danilo Santos,2,1,0,0,False
2026-06-13-bra-mor,2026-06-13,Brazil vs Morocco,home,Brazil,Marquinhos,2,0,0,0,True
2026-06-13-bra-mor,2026-06-13,Brazil vs Morocco,home,Brazil,Vinícius Júnior,1,1,1,0,True
2026-06-13-bra-mor,2026-06-13,Brazil vs Morocco,away,Morocco,Ayoube Amaimouni,1,1,0,0,False
2026-06-13-bra-mor,2026-06-13,Brazil vs Morocco,home,Brazil,Bruno Guimarães,1,0,0,1,True
2026-06-13-bra-mor,2026-06-13,Brazil vs Morocco,away,Morocco,Bilal El Khannouss,1,0,0,0,True
2026-06-13-hai-sco,2026-06-13,Haiti vs Scotland,home,Haiti,Ruben Providence,3,1,0,0,True
2026-06-13-hai-sco,2026-06-13,Haiti vs Scotland,home,Haiti,Frantzdy Pierrot,3,1,0,0,True
2026-06-13-hai-sco,2026-06-13,Haiti vs Scotland,home,Haiti,Jean-Ricner Bellegarde,3,0,0,0,True
2026-06-13-hai-sco,2026-06-13,Haiti vs Scotland,away,Scotland,John McGinn,2,1,1,0,True
2026-06-13-hai-sco,2026-06-13,Haiti vs Scotland,home,Haiti,Wilson Isidor,2,0,0,0,True
2026-06-13-hai-sco,2026-06-13,Haiti vs Scotland,away,Scotland,Scott McTominay,2,0,0,0,True
2026-06-13-hai-sco,2026-06-13,Haiti vs Scotland,away,Scotland,Ben Gannon-Doak,2,0,0,0,True
2026-06-13-hai-sco,2026-06-13,Haiti vs Scotland,away,Scotland,Lawrence Shankland,2,0,0,0,True
2026-06-13-hai-sco,2026-06-13,Haiti vs Scotland,away,Scotland,Ché Adams,1,1,0,0,True
2026-06-13-hai-sco,2026-06-13,Haiti vs Scotland,home,Haiti,Ricardo Adé,1,0,0,0,True
2026-06-13-hai-sco,2026-06-13,Haiti vs Scotland,home,Haiti,Martin Expérience,1,0,0,0,True
2026-06-13-hai-sco,2026-06-13,Haiti vs Scotland,home,Haiti,Louicius Deedson,1,0,0,0,True
2026-06-13-hai-sco,2026-06-13,Haiti vs Scotland,home,Haiti,Josué Casimir,1,0,0,0,False
2026-06-13-qat-swi,2026-06-13,Qatar vs Switzerland,away,Switzerland,Dan Ndoye,6,2,0,0,True
2026-06-13-qat-swi,2026-06-13,Qatar vs Switzerland,away,Switzerland,Breel Embolo,4,1,1,0,True
2026-06-13-qat-swi,2026-06-13,Qatar vs Switzerland,away,Switzerland,Rubén Vargas,3,1,0,0,True
2026-06-13-qat-swi,2026-06-13,Qatar vs Switzerland,home,Qatar,Edmílson Junior,2,2,0,0,True
2026-06-13-qat-swi,2026-06-13,Qatar vs Switzerland,away,Switzerland,Denis Zakaria,2,1,0,0,True
2026-06-13-qat-swi,2026-06-13,Qatar vs Switzerland,away,Switzerland,Nico Elvedi,2,0,0,0,True
2026-06-13-qat-swi,2026-06-13,Qatar vs Switzerland,away,Switzerland,Granit Xhaka,2,0,0,0,True
2026-06-13-qat-swi,2026-06-13,Qatar vs Switzerland,away,Switzerland,Johan Manzambi,2,0,0,0,False
2026-06-13-qat-swi,2026-06-13,Qatar vs Switzerland,home,Qatar,Ahmed Alaaeldin,1,1,0,0,False
2026-06-13-qat-swi,2026-06-13,Qatar vs Switzerland,away,Switzerland,Manuel Akanji,1,1,0,0,True
2026-06-13-qat-swi,2026-06-13,Qatar vs Switzerland,away,Switzerland,Michel Aebischer,1,1,0,0,True
2026-06-13-qat-swi,2026-06-13,Qatar vs Switzerland,home,Qatar,Homam Ahmed,1,0,0,0,True
2026-06-13-qat-swi,2026-06-13,Qatar vs Switzerland,home,Qatar,Issa Laye,1,0,0,0,True
2026-06-13-qat-swi,2026-06-13,Qatar vs Switzerland,home,Qatar,Karim Boudiaf,1,0,0,0,False
2026-06-13-qat-swi,2026-06-13,Qatar vs Switzerland,away,Switzerland,Fabian Rieder,1,0,0,0,False
2026-06-13-qat-swi,2026-06-13,Qatar vs Switzerland,away,Switzerland,Zeki Amdouni,1,0,0,0,False
2026-06-13-qat-swi,2026-06-13,Qatar vs Switzerland,away,Switzerland,Ardon Jashari,1,0,0,0,False
2026-06-14-ger-cur,2026-06-14,Germany vs Curaçao,home,Germany,Felix Nmecha,4,3,1,0,True
2026-06-14-ger-cur,2026-06-14,Germany vs Curaçao,home,Germany,Kai Havertz,4,2,2,0,True
2026-06-14-ger-cur,2026-06-14,Germany vs Curaçao,home,Germany,Jamal Musiala,3,1,1,0,True
2026-06-14-ger-cur,2026-06-14,Germany vs Curaçao,home,Germany,Aleksandar Pavlovic,3,1,0,0,True
2026-06-14-ger-cur,2026-06-14,Germany vs Curaçao,home,Germany,Florian Wirtz,3,0,0,1,True
2026-06-14-ger-cur,2026-06-14,Germany vs Curaçao,home,Germany,Leroy Sané,3,0,0,0,True
2026-06-14-ger-cur,2026-06-14,Germany vs Curaçao,home,Germany,Nico Schlotterbeck,2,2,1,0,True
2026-06-14-ger-cur,2026-06-14,Germany vs Curaçao,home,Germany,Nathaniel Brown,2,1,1,1,True
2026-06-14-ger-cur,2026-06-14,Germany vs Curaçao,away,Curaçao,Livano Comenencia,2,1,1,0,True
2026-06-14-ger-cur,2026-06-14,Germany vs Curaçao,away,Curaçao,Leandro Bacuna,2,0,0,0,True
2026-06-14-ger-cur,2026-06-14,Germany vs Curaçao,home,Germany,David Raum,1,1,0,0,False
2026-06-14-ger-cur,2026-06-14,Germany vs Curaçao,home,Germany,Deniz Undav,1,1,1,2,False
2026-06-14-ger-cur,2026-06-14,Germany vs Curaçao,away,Curaçao,Sontje Hansen,1,1,0,0,True
2026-06-14-ger-cur,2026-06-14,Germany vs Curaçao,away,Curaçao,Jearl Margaritha,1,0,0,0,False
2026-06-14-ger-cur,2026-06-14,Germany vs Curaçao,away,Curaçao,Tahith Chong,1,0,0,0,True
2026-06-14-ger-cur,2026-06-14,Germany vs Curaçao,away,Curaçao,Juninho Bacuna,1,0,0,0,True
2026-06-14-ivo-ecu,2026-06-14,Ivory Coast vs Ecuador,home,Ivory Coast,Seko Fofana,4,1,0,0,True
2026-06-14-ivo-ecu,2026-06-14,Ivory Coast vs Ecuador,away,Ecuador,John Yeboah,3,0,0,0,True
2026-06-14-ivo-ecu,2026-06-14,Ivory Coast vs Ecuador,home,Ivory Coast,Amad Diallo,2,2,1,0,False
2026-06-14-ivo-ecu,2026-06-14,Ivory Coast vs Ecuador,home,Ivory Coast,Elye Wahi,2,1,0,0,True
2026-06-14-ivo-ecu,2026-06-14,Ivory Coast vs Ecuador,home,Ivory Coast,Yan Diomande,2,0,0,0,True
2026-06-14-ivo-ecu,2026-06-14,Ivory Coast vs Ecuador,home,Ivory Coast,Nicolas Pépé,2,0,0,0,True
2026-06-14-ivo-ecu,2026-06-14,Ivory Coast vs Ecuador,away,Ecuador,Joel Ordóñez,2,0,0,0,True
2026-06-14-ivo-ecu,2026-06-14,Ivory Coast vs Ecuador,away,Ecuador,Alan Minda,2,0,0,0,True
2026-06-14-ivo-ecu,2026-06-14,Ivory Coast vs Ecuador,away,Ecuador,Gonzalo Plata,1,1,0,0,True
2026-06-14-ivo-ecu,2026-06-14,Ivory Coast vs Ecuador,home,Ivory Coast,Wilfried Singo,1,0,0,1,True
2026-06-14-ivo-ecu,2026-06-14,Ivory Coast vs Ecuador,home,Ivory Coast,Ghislain Konan,1,0,0,0,True
2026-06-14-ivo-ecu,2026-06-14,Ivory Coast vs Ecuador,home,Ivory Coast,Christ Inao Oulaï,1,0,0,0,False
2026-06-14-ivo-ecu,2026-06-14,Ivory Coast vs Ecuador,away,Ecuador,Piero Hincapié,1,0,0,0,True
2026-06-14-ivo-ecu,2026-06-14,Ivory Coast vs Ecuador,away,Ecuador,Pedro Vite,1,0,0,0,True
2026-06-14-ivo-ecu,2026-06-14,Ivory Coast vs Ecuador,away,Ecuador,Moisés Caicedo,1,0,0,0,True
2026-06-14-ivo-ecu,2026-06-14,Ivory Coast vs Ecuador,away,Ecuador,Enner Valencia,1,0,0,0,True
2026-06-14-net-jap,2026-06-14,Netherlands vs Japan,away,Japan,Keito Nakamura,3,1,1,0,True
2026-06-14-net-jap,2026-06-14,Netherlands vs Japan,home,Netherlands,Donyell Malen,2,2,0,0,True
2026-06-14-net-jap,2026-06-14,Netherlands vs Japan,home,Netherlands,Cody Gakpo,2,1,0,0,True
2026-06-14-net-jap,2026-06-14,Netherlands vs Japan,home,Netherlands,Teun Koopmeiners,2,0,0,0,False
2026-06-14-net-jap,2026-06-14,Netherlands vs Japan,away,Japan,Koki Ogawa,2,0,0,1,False
2026-06-14-net-jap,2026-06-14,Netherlands vs Japan,home,Netherlands,Virgil van Dijk,1,1,1,0,True
2026-06-14-net-jap,2026-06-14,Netherlands vs Japan,home,Netherlands,Jan Paul van Hecke,1,1,0,0,True
2026-06-14-net-jap,2026-06-14,Netherlands vs Japan,home,Netherlands,Crysencio Summerville,1,1,1,0,True
2026-06-14-net-jap,2026-06-14,Netherlands vs Japan,away,Japan,Daichi Kamada,1,1,1,0,True
2026-06-14-net-jap,2026-06-14,Netherlands vs Japan,away,Japan,Yukinari Sugawara,1,1,0,0,False
2026-06-14-net-jap,2026-06-14,Netherlands vs Japan,home,Netherlands,Micky van de Ven,1,0,0,0,True
2026-06-14-net-jap,2026-06-14,Netherlands vs Japan,away,Japan,Hiroki Ito,1,0,0,0,True
2026-06-14-net-jap,2026-06-14,Netherlands vs Japan,away,Japan,Ayase Ueda,1,0,0,0,True
2026-06-14-net-jap,2026-06-14,Netherlands vs Japan,away,Japan,Takefusa Kubo,1,0,0,1,True
2026-06-14-swe-tun,2026-06-14,Sweden vs Tunisia,home,Sweden,Viktor Gyökeres,5,2,1,1,True
2026-06-14-swe-tun,2026-06-14,Sweden vs Tunisia,home,Sweden,Alexander Isak,3,2,1,2,True
2026-06-14-swe-tun,2026-06-14,Sweden vs Tunisia,home,Sweden,Yasin Ayari,2,2,2,0,True
2026-06-14-swe-tun,2026-06-14,Sweden vs Tunisia,home,Sweden,Mattias Svanberg,1,1,1,0,False
2026-06-14-swe-tun,2026-06-14,Sweden vs Tunisia,away,Tunisia,Omar Rekik,1,1,1,0,True
2026-06-14-swe-tun,2026-06-14,Sweden vs Tunisia,away,Tunisia,Elias Achouri,1,1,0,0,False
2026-06-14-swe-tun,2026-06-14,Sweden vs Tunisia,home,Sweden,Lucas Bergvall,1,0,0,1,False
2026-06-14-swe-tun,2026-06-14,Sweden vs Tunisia,home,Sweden,Victor Lindelöf,1,0,0,0,True
2026-06-14-swe-tun,2026-06-14,Sweden vs Tunisia,away,Tunisia,Montassar Talbi,1,0,0,0,True
2026-06-14-swe-tun,2026-06-14,Sweden vs Tunisia,away,Tunisia,Hannibal Mejbri,1,0,0,1,True
2026-06-14-swe-tun,2026-06-14,Sweden vs Tunisia,away,Tunisia,Rani Khedira,1,0,0,0,True
2026-06-14-swe-tun,2026-06-14,Sweden vs Tunisia,away,Tunisia,Elias Saad,1,0,0,0,True
2026-06-15-bel-egy,2026-06-15,Belgium vs Egypt,away,Egypt,Omar Marmoush,5,0,0,0,True
2026-06-15-bel-egy,2026-06-15,Belgium vs Egypt,home,Belgium,Kevin De Bruyne,4,1,0,0,True
2026-06-15-bel-egy,2026-06-15,Belgium vs Egypt,home,Belgium,Leandro Trossard,3,0,0,0,True
2026-06-15-bel-egy,2026-06-15,Belgium vs Egypt,home,Belgium,Brandon Mechele,2,1,0,0,True
2026-06-15-bel-egy,2026-06-15,Belgium vs Egypt,away,Egypt,Emam Ashour,2,1,1,0,True
2026-06-15-bel-egy,2026-06-15,Belgium vs Egypt,away,Egypt,Mostafa Zico,2,1,0,0,True
2026-06-15-bel-egy,2026-06-15,Belgium vs Egypt,home,Belgium,Youri Tielemans,2,0,0,0,True
2026-06-15-bel-egy,2026-06-15,Belgium vs Egypt,home,Belgium,Romelu Lukaku,2,0,0,0,False
2026-06-15-bel-egy,2026-06-15,Belgium vs Egypt,away,Egypt,Mohamed Hany,2,0,0,0,True
2026-06-15-bel-egy,2026-06-15,Belgium vs Egypt,home,Belgium,Thomas Meunier,1,1,0,0,True
2026-06-15-bel-egy,2026-06-15,Belgium vs Egypt,away,Egypt,Mohamed Salah,1,1,0,1,True
2026-06-15-bel-egy,2026-06-15,Belgium vs Egypt,home,Belgium,Jérémy Doku,1,0,0,0,True
2026-06-15-bel-egy,2026-06-15,Belgium vs Egypt,away,Egypt,Marawan Attia,1,0,0,0,True
2026-06-15-bel-egy,2026-06-15,Belgium vs Egypt,away,Egypt,Zizo,1,0,0,0,False
2026-06-15-ira-new,2026-06-15,Iran vs New Zealand,away,New Zealand,Chris Wood,4,2,0,2,True
2026-06-15-ira-new,2026-06-15,Iran vs New Zealand,away,New Zealand,Sarpreet Singh,3,2,0,0,True
2026-06-15-ira-new,2026-06-15,Iran vs New Zealand,home,Iran,Shahriyar Moghanloo,3,0,0,0,True
2026-06-15-ira-new,2026-06-15,Iran vs New Zealand,away,New Zealand,Elijah Just,2,2,2,0,True
2026-06-15-ira-new,2026-06-15,Iran vs New Zealand,home,Iran,Saeid Ezatolahi,2,1,0,0,True
2026-06-15-ira-new,2026-06-15,Iran vs New Zealand,home,Iran,Mohammad Mohebbi,2,1,1,0,True
2026-06-15-ira-new,2026-06-15,Iran vs New Zealand,away,New Zealand,Callum McCowatt,2,1,0,0,True
2026-06-15-ira-new,2026-06-15,Iran vs New Zealand,home,Iran,Saman Ghoddos,2,0,0,0,True
2026-06-15-ira-new,2026-06-15,Iran vs New Zealand,home,Iran,Mehdi Taremi,2,0,0,0,True
2026-06-15-ira-new,2026-06-15,Iran vs New Zealand,home,Iran,Ramin Rezaeian,1,1,1,1,True
2026-06-15-ira-new,2026-06-15,Iran vs New Zealand,home,Iran,Arya Yousefi,1,1,0,0,True
2026-06-15-ira-new,2026-06-15,Iran vs New Zealand,away,New Zealand,Liberato Cacace,1,1,0,0,True
2026-06-15-ira-new,2026-06-15,Iran vs New Zealand,home,Iran,Ali Nemati,1,0,0,0,True
2026-06-15-ira-new,2026-06-15,Iran vs New Zealand,home,Iran,Mehdi Ghayedi,1,0,0,0,False
2026-06-15-ira-new,2026-06-15,Iran vs New Zealand,home,Iran,Ali Alipour,1,0,0,0,False
2026-06-15-ira-new,2026-06-15,Iran vs New Zealand,home,Iran,Ehsan Hajsafi,1,0,0,0,False
2026-06-15-ira-new,2026-06-15,Iran vs New Zealand,away,New Zealand,Finn Surman,1,0,0,0,True
2026-06-15-ira-new,2026-06-15,Iran vs New Zealand,away,New Zealand,Marko Stamenic,1,0,0,0,True
2026-06-15-sau-uru,2026-06-15,Saudi Arabia vs Uruguay,away,Uruguay,Federico Viñas,5,3,0,0,True
2026-06-15-sau-uru,2026-06-15,Saudi Arabia vs Uruguay,away,Uruguay,Federico Valverde,3,2,0,0,True
2026-06-15-sau-uru,2026-06-15,Saudi Arabia vs Uruguay,away,Uruguay,Juan Manuel Sanabria,3,0,0,0,False
2026-06-15-sau-uru,2026-06-15,Saudi Arabia vs Uruguay,home,Saudi Arabia,Abdulelah Al-Amri,2,2,1,0,True
2026-06-15-sau-uru,2026-06-15,Saudi Arabia vs Uruguay,away,Uruguay,Maxi Araújo,2,2,1,0,True
2026-06-15-sau-uru,2026-06-15,Saudi Arabia vs Uruguay,home,Saudi Arabia,Mohamed Kanno,2,1,0,0,True
2026-06-15-sau-uru,2026-06-15,Saudi Arabia vs Uruguay,away,Uruguay,Manuel Ugarte,2,1,0,0,True
2026-06-15-sau-uru,2026-06-15,Saudi Arabia vs Uruguay,away,Uruguay,Nicolás de la Cruz,2,1,0,0,False
2026-06-15-sau-uru,2026-06-15,Saudi Arabia vs Uruguay,away,Uruguay,Brian Rodríguez,2,1,0,0,False
2026-06-15-sau-uru,2026-06-15,Saudi Arabia vs Uruguay,away,Uruguay,Sebastián Cáceres,2,0,0,0,True
2026-06-15-sau-uru,2026-06-15,Saudi Arabia vs Uruguay,away,Uruguay,Guillermo Varela,2,0,0,0,True
2026-06-15-sau-uru,2026-06-15,Saudi Arabia vs Uruguay,home,Saudi Arabia,Saud Abdulhamid,1,0,0,0,True
2026-06-15-sau-uru,2026-06-15,Saudi Arabia vs Uruguay,home,Saudi Arabia,Abdullah Al-Khaibari,1,0,0,0,True
2026-06-15-sau-uru,2026-06-15,Saudi Arabia vs Uruguay,home,Saudi Arabia,Salem Al-Dawsari,1,0,0,0,True
2026-06-15-sau-uru,2026-06-15,Saudi Arabia vs Uruguay,away,Uruguay,Mathías Olivera,1,0,0,0,True
2026-06-15-sau-uru,2026-06-15,Saudi Arabia vs Uruguay,away,Uruguay,Rodrigo Bentancur,1,0,0,0,True
2026-06-15-sau-uru,2026-06-15,Saudi Arabia vs Uruguay,away,Uruguay,Darwin Núñez,1,0,0,0,True
2026-06-15-sau-uru,2026-06-15,Saudi Arabia vs Uruguay,away,Uruguay,Agustín Canobbio,1,0,0,0,False
2026-06-15-spa-cap,2026-06-15,Spain vs Cape Verde,home,Spain,Fabián Ruiz,5,1,0,0,True
2026-06-15-spa-cap,2026-06-15,Spain vs Cape Verde,home,Spain,Mikel Oyarzabal,5,1,0,0,True
2026-06-15-spa-cap,2026-06-15,Spain vs Cape Verde,home,Spain,Ferran Torres,4,1,0,0,True
2026-06-15-spa-cap,2026-06-15,Spain vs Cape Verde,home,Spain,Aymeric Laporte,2,1,0,0,True
2026-06-15-spa-cap,2026-06-15,Spain vs Cape Verde,home,Spain,Marc Cucurella,2,1,0,0,True
2026-06-15-spa-cap,2026-06-15,Spain vs Cape Verde,home,Spain,Pedri ,2,1,0,0,True
2026-06-15-spa-cap,2026-06-15,Spain vs Cape Verde,home,Spain,Rodri ,2,0,0,0,True
2026-06-15-spa-cap,2026-06-15,Spain vs Cape Verde,home,Spain,Lamine Yamal,2,0,0,0,False
2026-06-15-spa-cap,2026-06-15,Spain vs Cape Verde,home,Spain,Mikel Merino,1,1,0,0,False
2026-06-15-spa-cap,2026-06-15,Spain vs Cape Verde,away,Cape Verde,Diney Borges,1,1,0,0,True
2026-06-15-spa-cap,2026-06-15,Spain vs Cape Verde,home,Spain,Pau Cubarsí,1,0,0,0,True
2026-06-15-spa-cap,2026-06-15,Spain vs Cape Verde,home,Spain,Gavi ,1,0,0,0,True
2026-06-15-spa-cap,2026-06-15,Spain vs Cape Verde,away,Cape Verde,Kevin Pina,1,0,0,0,True
2026-06-15-spa-cap,2026-06-15,Spain vs Cape Verde,away,Cape Verde,Steven Moreira,1,0,0,0,True
2026-06-15-spa-cap,2026-06-15,Spain vs Cape Verde,away,Cape Verde,Jovane Cabral,1,0,0,0,True
2026-06-15-spa-cap,2026-06-15,Spain vs Cape Verde,away,Cape Verde,Ryan Mendes,1,0,0,0,True
2026-06-15-spa-cap,2026-06-15,Spain vs Cape Verde,away,Cape Verde,Dailon Livramento,1,0,0,0,True
2026-06-16-arg-alg,2026-06-16,Argentina vs Algeria,home,Argentina,Lionel Messi,6,4,3,0,True
2026-06-16-arg-alg,2026-06-16,Argentina vs Algeria,away,Algeria,Farès Chaïbi,3,0,0,0,True
2026-06-16-arg-alg,2026-06-16,Argentina vs Algeria,home,Argentina,Alexis Mac Allister,2,1,0,0,True
2026-06-16-arg-alg,2026-06-16,Argentina vs Algeria,home,Argentina,Lautaro Martínez,1,1,0,0,True
2026-06-16-arg-alg,2026-06-16,Argentina vs Algeria,home,Argentina,Thiago Almada,1,0,0,0,True
2026-06-16-arg-alg,2026-06-16,Argentina vs Algeria,away,Algeria,Ibrahim Maza,1,0,0,0,True
2026-06-16-arg-alg,2026-06-16,Argentina vs Algeria,away,Algeria,Anis Hadj Moussa,1,0,0,0,True
2026-06-16-arg-alg,2026-06-16,Argentina vs Algeria,away,Algeria,Riyad Mahrez,1,0,0,0,False
2026-06-16-arg-alg,2026-06-16,Argentina vs Algeria,away,Algeria,Houssem Aouar,1,0,0,0,False
2026-06-16-aus-jor,2026-06-16,Austria vs Jordan,away,Jordan,Ali Olwan,4,2,1,0,True
2026-06-16-aus-jor,2026-06-16,Austria vs Jordan,away,Jordan,Mousa Al-Tamari,4,1,0,0,True
2026-06-16-aus-jor,2026-06-16,Austria vs Jordan,home,Austria,Marko Arnautovic,2,2,1,0,False
2026-06-16-aus-jor,2026-06-16,Austria vs Jordan,home,Austria,Stefan Posch,2,0,0,0,True
2026-06-16-aus-jor,2026-06-16,Austria vs Jordan,home,Austria,Sasa Kalajdzic,2,0,0,0,True
2026-06-16-aus-jor,2026-06-16,Austria vs Jordan,home,Austria,Romano Schmid,1,1,1,0,True
2026-06-16-aus-jor,2026-06-16,Austria vs Jordan,home,Austria,Carney Chukwuemeka,1,1,0,0,False
2026-06-16-aus-jor,2026-06-16,Austria vs Jordan,away,Jordan,Odeh Fakhoury,1,1,0,0,True
2026-06-16-aus-jor,2026-06-16,Austria vs Jordan,home,Austria,David Alaba,1,0,0,0,True
2026-06-16-aus-jor,2026-06-16,Austria vs Jordan,home,Austria,Konrad Laimer,1,0,0,0,True
2026-06-16-aus-jor,2026-06-16,Austria vs Jordan,home,Austria,Marcel Sabitzer,1,0,0,0,True
2026-06-16-aus-jor,2026-06-16,Austria vs Jordan,away,Jordan,Ehsan Haddad,1,0,0,0,True
2026-06-16-aus-jor,2026-06-16,Austria vs Jordan,away,Jordan,Ali Azaizeh,1,0,0,0,False
2026-06-16-fra-sen,2026-06-16,France vs Senegal,home,France,Kylian Mbappé,4,4,2,0,True
2026-06-16-fra-sen,2026-06-16,France vs Senegal,away,Senegal,Ismaïla Sarr,3,0,0,0,True
2026-06-16-fra-sen,2026-06-16,France vs Senegal,home,France,Michael Olise,2,2,0,1,True
2026-06-16-fra-sen,2026-06-16,France vs Senegal,home,France,Désiré Doué,2,1,0,0,True
2026-06-16-fra-sen,2026-06-16,France vs Senegal,home,France,Bradley Barcola,1,1,1,0,False
2026-06-16-fra-sen,2026-06-16,France vs Senegal,away,Senegal,Sadio Mané,1,1,0,0,True
2026-06-16-fra-sen,2026-06-16,France vs Senegal,away,Senegal,Ibrahim Mbaye,1,1,1,0,False
2026-06-16-fra-sen,2026-06-16,France vs Senegal,home,France,Theo Hernández,1,0,0,0,True
2026-06-16-fra-sen,2026-06-16,France vs Senegal,home,France,Ousmane Dembélé,1,0,0,0,True
2026-06-16-fra-sen,2026-06-16,France vs Senegal,away,Senegal,Nicolas Jackson,1,0,0,0,True
2026-06-16-ira-nor,2026-06-16,Iraq vs Norway,away,Norway,Erling Haaland,5,4,2,0,True
2026-06-16-ira-nor,2026-06-16,Iraq vs Norway,home,Iraq,Aymen Hussein,3,1,1,0,True
2026-06-16-ira-nor,2026-06-16,Iraq vs Norway,home,Iraq,Ali Al-Hamadi,3,0,0,0,True
2026-06-16-ira-nor,2026-06-16,Iraq vs Norway,away,Norway,Leo Østigard,2,1,1,0,False
2026-06-16-ira-nor,2026-06-16,Iraq vs Norway,home,Iraq,Zaid Tahseen,2,0,0,0,True
2026-06-16-ira-nor,2026-06-16,Iraq vs Norway,away,Norway,Alexander Sørloth,2,0,0,0,True
2026-06-16-ira-nor,2026-06-16,Iraq vs Norway,away,Norway,Kristian Thorstvedt,2,0,0,0,False
2026-06-16-ira-nor,2026-06-16,Iraq vs Norway,home,Iraq,Akam Hashim,1,0,0,0,True
2026-06-16-ira-nor,2026-06-16,Iraq vs Norway,home,Iraq,Hussein Ali,1,0,0,0,True
2026-06-16-ira-nor,2026-06-16,Iraq vs Norway,home,Iraq,Ibrahim Bayesh,1,0,0,0,True
2026-06-16-ira-nor,2026-06-16,Iraq vs Norway,away,Norway,Martin Ødegaard,1,0,0,1,True
2026-06-17-eng-cro,2026-06-17,England vs Croatia,home,England,Harry Kane,7,3,2,0,True
2026-06-17-eng-cro,2026-06-17,England vs Croatia,home,England,Jude Bellingham,3,2,1,0,True
2026-06-17-eng-cro,2026-06-17,England vs Croatia,home,England,Ezri Konsa,2,1,0,0,True
2026-06-17-eng-cro,2026-06-17,England vs Croatia,home,England,Nico O'Reilly,2,1,0,0,True
2026-06-17-eng-cro,2026-06-17,England vs Croatia,home,England,Anthony Gordon,2,1,0,0,True
2026-06-17-eng-cro,2026-06-17,England vs Croatia,home,England,Declan Rice,1,1,0,1,True
2026-06-17-eng-cro,2026-06-17,England vs Croatia,home,England,Djed Spence,1,1,0,0,False
2026-06-17-eng-cro,2026-06-17,England vs Croatia,home,England,Marcus Rashford,1,1,1,0,False
2026-06-17-eng-cro,2026-06-17,England vs Croatia,away,Croatia,Petar Musa,1,1,1,0,True
2026-06-17-eng-cro,2026-06-17,England vs Croatia,away,Croatia,Martin Baturina,1,1,1,0,True
2026-06-17-eng-cro,2026-06-17,England vs Croatia,away,Croatia,Mateo Kovacic,1,1,0,0,False
2026-06-17-eng-cro,2026-06-17,England vs Croatia,away,Croatia,Igor Matanovic,1,1,0,0,False
2026-06-17-eng-cro,2026-06-17,England vs Croatia,away,Croatia,Marco Pasalic,1,1,0,0,False
2026-06-17-eng-cro,2026-06-17,England vs Croatia,home,England,Reece James,1,0,0,0,True
2026-06-17-eng-cro,2026-06-17,England vs Croatia,home,England,Elliot Anderson,1,0,0,1,True
2026-06-17-eng-cro,2026-06-17,England vs Croatia,home,England,Noni Madueke,1,0,0,0,True
2026-06-17-eng-cro,2026-06-17,England vs Croatia,away,Croatia,Josko Gvardiol,1,0,0,0,True
2026-06-17-eng-cro,2026-06-17,England vs Croatia,away,Croatia,Josip Sutalo,1,0,0,0,True
2026-06-17-eng-cro,2026-06-17,England vs Croatia,away,Croatia,Mario Pasalic,1,0,0,0,True
2026-06-17-eng-cro,2026-06-17,England vs Croatia,away,Croatia,Petar Sucic,1,0,0,1,True
2026-06-17-eng-cro,2026-06-17,England vs Croatia,away,Croatia,Andrej Kramaric,1,0,0,0,False
2026-06-17-gha-pan,2026-06-17,Ghana vs Panama,away,Panama,Ismael Díaz,2,2,0,0,False
2026-06-17-gha-pan,2026-06-17,Ghana vs Panama,home,Ghana,Jonas Adjetey,2,1,0,0,True
2026-06-17-gha-pan,2026-06-17,Ghana vs Panama,home,Ghana,Caleb Yirenkyi,2,1,1,0,True
2026-06-17-gha-pan,2026-06-17,Ghana vs Panama,away,Panama,César Blackman,2,1,0,0,True
2026-06-17-gha-pan,2026-06-17,Ghana vs Panama,home,Ghana,Antoine Semenyo,2,0,0,0,True
2026-06-17-gha-pan,2026-06-17,Ghana vs Panama,away,Panama,Jiovany Ramos,2,0,0,0,True
2026-06-17-gha-pan,2026-06-17,Ghana vs Panama,away,Panama,Édgar Yoel Bárcenas,2,0,0,0,True
2026-06-17-gha-pan,2026-06-17,Ghana vs Panama,away,Panama,Cecilio Waterman,1,1,0,0,True
2026-06-17-gha-pan,2026-06-17,Ghana vs Panama,home,Ghana,Brandon Thomas-Asante,1,0,0,1,False
2026-06-17-gha-pan,2026-06-17,Ghana vs Panama,home,Ghana,Fatawu Issahaku,1,0,0,0,False
2026-06-17-gha-pan,2026-06-17,Ghana vs Panama,away,Panama,Carlos Harvey,1,0,0,0,True
2026-06-17-gha-pan,2026-06-17,Ghana vs Panama,away,Panama,Cristian Martínez,1,0,0,0,True
2026-06-17-por-drc,2026-06-17,Portugal vs DR Congo,home,Portugal,Cristiano Ronaldo,3,0,0,0,True
2026-06-17-por-drc,2026-06-17,Portugal vs DR Congo,away,Congo DR,Yoane Wissa,2,1,1,0,True
2026-06-17-por-drc,2026-06-17,Portugal vs DR Congo,home,Portugal,Bruno Fernandes,2,0,0,0,True
2026-06-17-por-drc,2026-06-17,Portugal vs DR Congo,away,Congo DR,Samuel Moutoussamy,2,0,0,0,True
2026-06-17-por-drc,2026-06-17,Portugal vs DR Congo,away,Congo DR,Cédric Bakambu,2,0,0,0,True
2026-06-17-por-drc,2026-06-17,Portugal vs DR Congo,home,Portugal,João Neves,1,1,1,0,True
2026-06-17-por-drc,2026-06-17,Portugal vs DR Congo,away,Congo DR,Edo Kayembe,1,1,0,0,True
2026-06-17-por-drc,2026-06-17,Portugal vs DR Congo,home,Portugal,Francisco Conceição,1,0,0,0,False
2026-06-17-por-drc,2026-06-17,Portugal vs DR Congo,away,Congo DR,Steve Kapuadi,1,0,0,0,True
2026-06-17-uzb-col,2026-06-17,Uzbekistan vs Colombia,away,Colombia,Jefferson Lerma,3,0,0,0,True
2026-06-17-uzb-col,2026-06-17,Uzbekistan vs Colombia,away,Colombia,Luis Díaz,2,1,1,1,True
2026-06-17-uzb-col,2026-06-17,Uzbekistan vs Colombia,away,Colombia,James Rodríguez,2,1,0,0,True
2026-06-17-uzb-col,2026-06-17,Uzbekistan vs Colombia,away,Colombia,Jáminton Campaz,2,1,1,0,False
2026-06-17-uzb-col,2026-06-17,Uzbekistan vs Colombia,home,Uzbekistan,Behruzjon Karimov,2,0,0,0,True
2026-06-17-uzb-col,2026-06-17,Uzbekistan vs Colombia,home,Uzbekistan,Dostonbek Khamdamov,2,0,0,0,False
2026-06-17-uzb-col,2026-06-17,Uzbekistan vs Colombia,away,Colombia,Jhon Arias,2,0,0,0,True
2026-06-17-uzb-col,2026-06-17,Uzbekistan vs Colombia,home,Uzbekistan,Eldor Shomurodov,1,1,0,0,True
2026-06-17-uzb-col,2026-06-17,Uzbekistan vs Colombia,home,Uzbekistan,Abbosbek Fayzullaev,1,1,1,0,True
2026-06-17-uzb-col,2026-06-17,Uzbekistan vs Colombia,away,Colombia,Daniel Muñoz,1,1,1,0,True
2026-06-17-uzb-col,2026-06-17,Uzbekistan vs Colombia,home,Uzbekistan,Akmal Mozgovoy,1,0,0,0,True
2026-06-17-uzb-col,2026-06-17,Uzbekistan vs Colombia,home,Uzbekistan,Azizbek Amonov,1,0,0,0,False
2026-06-17-uzb-col,2026-06-17,Uzbekistan vs Colombia,away,Colombia,Davinson Sánchez,1,0,0,0,True
2026-06-17-uzb-col,2026-06-17,Uzbekistan vs Colombia,away,Colombia,Johan Mojica,1,0,0,0,True
2026-06-17-uzb-col,2026-06-17,Uzbekistan vs Colombia,away,Colombia,Gustavo Puerta,1,0,0,1,True
2026-06-18-can-qat,2026-06-18,Canada vs Qatar,home,Canada,Jonathan David,8,5,3,0,True
2026-06-18-can-qat,2026-06-18,Canada vs Qatar,home,Canada,Cyle Larin,6,2,1,0,True
2026-06-18-can-qat,2026-06-18,Canada vs Qatar,home,Canada,Tajon Buchanan,4,1,0,0,True
2026-06-18-can-qat,2026-06-18,Canada vs Qatar,home,Canada,Nathan Saliba,3,1,1,1,False
2026-06-18-can-qat,2026-06-18,Canada vs Qatar,home,Canada,Jacob Shaffelburg,3,0,0,0,False
2026-06-18-can-qat,2026-06-18,Canada vs Qatar,home,Canada,Alistair Johnston,1,1,0,0,True
2026-06-18-can-qat,2026-06-18,Canada vs Qatar,home,Canada,Derek Cornelius,1,0,0,0,True
2026-06-18-can-qat,2026-06-18,Canada vs Qatar,home,Canada,Richie Laryea,1,0,0,0,True
2026-06-18-can-qat,2026-06-18,Canada vs Qatar,home,Canada,Stephen Eustáquio,1,0,0,0,True
2026-06-18-can-qat,2026-06-18,Canada vs Qatar,home,Canada,Ismaël Koné,1,0,0,0,True
2026-06-18-can-qat,2026-06-18,Canada vs Qatar,home,Canada,Ali Ahmed,1,0,0,0,True
2026-06-18-can-qat,2026-06-18,Canada vs Qatar,home,Canada,Tani Oluwaseyi,1,0,0,0,False
2026-06-18-can-qat,2026-06-18,Canada vs Qatar,home,Canada,Niko Sigur,1,0,0,0,False
2026-06-18-can-qat,2026-06-18,Canada vs Qatar,away,Qatar,Boualem Khoukhi,1,0,0,0,True
2026-06-18-can-qat,2026-06-18,Canada vs Qatar,away,Qatar,Edmílson Junior,1,0,0,0,True
2026-06-18-cze-sou,2026-06-18,Czech Republic vs South Africa,home,Czechia,Ladislav Krejcí,4,0,0,0,True
2026-06-18-cze-sou,2026-06-18,Czech Republic vs South Africa,home,Czechia,Michal Sadílek,3,1,1,0,True
2026-06-18-cze-sou,2026-06-18,Czech Republic vs South Africa,away,South Africa,Mbekezeli Mbokazi,3,0,0,0,True
2026-06-18-cze-sou,2026-06-18,Czech Republic vs South Africa,away,South Africa,Aubrey Modiba,3,0,0,0,True
2026-06-18-cze-sou,2026-06-18,Czech Republic vs South Africa,away,South Africa,Thapelo Maseko,3,0,0,0,True
2026-06-18-cze-sou,2026-06-18,Czech Republic vs South Africa,away,South Africa,Evidence Makgopa,2,2,0,0,False
2026-06-18-cze-sou,2026-06-18,Czech Republic vs South Africa,home,Czechia,Patrik Schick,2,1,0,0,True
2026-06-18-cze-sou,2026-06-18,Czech Republic vs South Africa,away,South Africa,Teboho Mokoena,2,1,1,0,True
2026-06-18-cze-sou,2026-06-18,Czech Republic vs South Africa,home,Czechia,Lukás Cerv,1,1,0,0,True
2026-06-18-cze-sou,2026-06-18,Czech Republic vs South Africa,away,South Africa,Relebohile Mofokeng,1,1,0,0,False
2026-06-18-cze-sou,2026-06-18,Czech Republic vs South Africa,home,Czechia,Vladimír Darida,1,0,0,0,True
2026-06-18-cze-sou,2026-06-18,Czech Republic vs South Africa,home,Czechia,Adam Hlozek,1,0,0,0,True
2026-06-18-cze-sou,2026-06-18,Czech Republic vs South Africa,home,Czechia,Jaroslav Zelený,1,0,0,0,False
2026-06-18-cze-sou,2026-06-18,Czech Republic vs South Africa,home,Czechia,Lukás Provod,1,0,0,0,False
2026-06-18-cze-sou,2026-06-18,Czech Republic vs South Africa,away,South Africa,Thalente Mbatha,1,0,0,0,True
2026-06-18-cze-sou,2026-06-18,Czech Republic vs South Africa,away,South Africa,Iqraam Rayners,1,0,0,0,True
2026-06-18-cze-sou,2026-06-18,Czech Republic vs South Africa,away,South Africa,Oswin Appollis,1,0,0,0,True
2026-06-18-mex-sou,2026-06-18,Mexico vs South Korea,home,Mexico,Raúl Jiménez,2,1,0,0,True
2026-06-18-mex-sou,2026-06-18,Mexico vs South Korea,away,South Korea,Cho Gue-Sung,2,1,0,0,False
2026-06-18-mex-sou,2026-06-18,Mexico vs South Korea,away,South Korea,Lee Kang-In,2,0,0,0,True
2026-06-18-mex-sou,2026-06-18,Mexico vs South Korea,home,Mexico,Luis Romo,1,1,1,0,True
2026-06-18-mex-sou,2026-06-18,Mexico vs South Korea,home,Mexico,Julián Quiñones,1,1,0,0,True
2026-06-18-mex-sou,2026-06-18,Mexico vs South Korea,home,Mexico,Obed Vargas,1,1,0,0,False
2026-06-18-mex-sou,2026-06-18,Mexico vs South Korea,away,South Korea,Yang Hyun-Jun,1,1,0,0,False
2026-06-18-mex-sou,2026-06-18,Mexico vs South Korea,home,Mexico,Jesús Gallardo,1,0,0,0,True
2026-06-18-mex-sou,2026-06-18,Mexico vs South Korea,home,Mexico,Brian Gutiérrez,1,0,0,0,True
2026-06-18-mex-sou,2026-06-18,Mexico vs South Korea,home,Mexico,Roberto Alvarado,1,0,0,0,True
2026-06-18-mex-sou,2026-06-18,Mexico vs South Korea,away,South Korea,Lee Han-Beom,1,0,0,0,True
2026-06-18-mex-sou,2026-06-18,Mexico vs South Korea,away,South Korea,Hwang In-Beom,1,0,0,0,True
2026-06-18-mex-sou,2026-06-18,Mexico vs South Korea,away,South Korea,Seol Young-Woo,1,0,0,0,True
2026-06-18-mex-sou,2026-06-18,Mexico vs South Korea,away,South Korea,Oh Hyeon-Gyu,1,0,0,0,False
2026-06-18-swi-bos,2026-06-18,Switzerland vs Bosnia and Herzegovina,home,Switzerland,Dan Ndoye,4,2,0,0,True
2026-06-18-swi-bos,2026-06-18,Switzerland vs Bosnia and Herzegovina,home,Switzerland,Rubén Vargas,2,2,1,1,False
2026-06-18-swi-bos,2026-06-18,Switzerland vs Bosnia and Herzegovina,home,Switzerland,Johan Manzambi,2,2,2,0,False
2026-06-18-swi-bos,2026-06-18,Switzerland vs Bosnia and Herzegovina,home,Switzerland,Granit Xhaka,2,1,1,0,True
2026-06-18-swi-bos,2026-06-18,Switzerland vs Bosnia and Herzegovina,away,Bosnia-Herzegovina,Edin Dzeko,2,0,0,0,True
2026-06-18-swi-bos,2026-06-18,Switzerland vs Bosnia and Herzegovina,away,Bosnia-Herzegovina,Amar Dedic,1,1,0,0,True
2026-06-18-swi-bos,2026-06-18,Switzerland vs Bosnia and Herzegovina,away,Bosnia-Herzegovina,Amar Memic,1,1,0,0,True
2026-06-18-swi-bos,2026-06-18,Switzerland vs Bosnia and Herzegovina,away,Bosnia-Herzegovina,Ermin Mahmic,1,1,1,0,False
2026-06-18-swi-bos,2026-06-18,Switzerland vs Bosnia and Herzegovina,home,Switzerland,Remo Freuler,1,0,0,0,True
2026-06-18-swi-bos,2026-06-18,Switzerland vs Bosnia and Herzegovina,home,Switzerland,Michel Aebischer,1,0,0,0,True
2026-06-18-swi-bos,2026-06-18,Switzerland vs Bosnia and Herzegovina,home,Switzerland,Breel Embolo,1,0,0,1,True
2026-06-19-bra-hai,2026-06-19,Brazil vs Haiti,home,Brazil,Vinícius Júnior,3,2,1,1,True
2026-06-19-bra-hai,2026-06-19,Brazil vs Haiti,home,Brazil,Matheus Cunha,2,2,2,0,True
2026-06-19-bra-hai,2026-06-19,Brazil vs Haiti,away,Haiti,Ricardo Adé,2,1,0,0,True
2026-06-19-bra-hai,2026-06-19,Brazil vs Haiti,away,Haiti,Wilson Isidor,2,1,0,0,False
2026-06-19-bra-hai,2026-06-19,Brazil vs Haiti,home,Brazil,Raphinha ,1,1,0,0,True
2026-06-19-bra-hai,2026-06-19,Brazil vs Haiti,away,Haiti,Dominique Simon,1,1,0,0,False
2026-06-19-bra-hai,2026-06-19,Brazil vs Haiti,home,Brazil,Douglas Santos,1,0,0,0,True
2026-06-19-bra-hai,2026-06-19,Brazil vs Haiti,home,Brazil,Éderson,1,0,0,0,False
2026-06-19-bra-hai,2026-06-19,Brazil vs Haiti,away,Haiti,Jean-Kévin Duverne,1,0,0,0,True
2026-06-19-bra-hai,2026-06-19,Brazil vs Haiti,away,Haiti,Ruben Providence,1,0,0,0,True
2026-06-19-sco-mor,2026-06-19,Scotland vs Morocco,away,Morocco,Ismael Saibari,2,1,1,0,True
2026-06-19-sco-mor,2026-06-19,Scotland vs Morocco,away,Morocco,Bilal El Khannouss,2,1,0,0,True
2026-06-19-sco-mor,2026-06-19,Scotland vs Morocco,home,Scotland,Scott McTominay,2,0,0,0,True
2026-06-19-sco-mor,2026-06-19,Scotland vs Morocco,away,Morocco,Achraf Hakimi,2,0,0,0,True
2026-06-19-sco-mor,2026-06-19,Scotland vs Morocco,away,Morocco,Chemsdine Talbi,2,0,0,0,False
2026-06-19-sco-mor,2026-06-19,Scotland vs Morocco,home,Scotland,Ryan Christie,1,0,0,0,True
2026-06-19-sco-mor,2026-06-19,Scotland vs Morocco,home,Scotland,Kieran Tierney,1,0,0,0,True
2026-06-19-sco-mor,2026-06-19,Scotland vs Morocco,home,Scotland,John McGinn,1,0,0,0,True
2026-06-19-sco-mor,2026-06-19,Scotland vs Morocco,home,Scotland,Lyndon Dykes,1,0,0,0,False
2026-06-19-sco-mor,2026-06-19,Scotland vs Morocco,away,Morocco,Neil El Aynaoui,1,0,0,0,True
2026-06-19-sco-mor,2026-06-19,Scotland vs Morocco,away,Morocco,Ayyoub Bouaddi,1,0,0,0,True
2026-06-19-sco-mor,2026-06-19,Scotland vs Morocco,away,Morocco,Brahim Díaz,1,0,0,1,True
2026-06-19-sco-mor,2026-06-19,Scotland vs Morocco,away,Morocco,Ayoube Amaimouni,1,0,0,0,False
2026-06-19-tur-par,2026-06-19,Turkey vs Paraguay,home,Türkiye,Kenan Yildiz,6,1,0,0,True
2026-06-19-tur-par,2026-06-19,Turkey vs Paraguay,home,Türkiye,Hakan Çalhanoglu,6,0,0,0,True
2026-06-19-tur-par,2026-06-19,Turkey vs Paraguay,home,Türkiye,Merih Demiral,5,2,0,0,True
2026-06-19-tur-par,2026-06-19,Turkey vs Paraguay,home,Türkiye,Can Uzun,3,1,0,0,False
2026-06-19-tur-par,2026-06-19,Turkey vs Paraguay,home,Türkiye,Mert Müldür,3,0,0,0,True
2026-06-19-tur-par,2026-06-19,Turkey vs Paraguay,home,Türkiye,Arda Güler,3,0,0,0,True
2026-06-19-tur-par,2026-06-19,Turkey vs Paraguay,home,Türkiye,Deniz Gül,2,1,0,0,False
2026-06-19-tur-par,2026-06-19,Turkey vs Paraguay,away,Paraguay,Matías Galarza,2,1,1,0,True
2026-06-19-tur-par,2026-06-19,Turkey vs Paraguay,home,Türkiye,Ismail Yüksek,2,0,0,0,True
2026-06-19-tur-par,2026-06-19,Turkey vs Paraguay,away,Paraguay,Juan Jose Cáceres,1,1,0,0,True
2026-06-19-tur-par,2026-06-19,Turkey vs Paraguay,home,Türkiye,Abdülkerim Bardakçi,1,0,0,0,True
2026-06-19-tur-par,2026-06-19,Turkey vs Paraguay,home,Türkiye,Baris Alper Yilmaz,1,0,0,0,False
2026-06-19-tur-par,2026-06-19,Turkey vs Paraguay,away,Paraguay,Omar Alderete,1,0,0,0,True
2026-06-19-tur-par,2026-06-19,Turkey vs Paraguay,away,Paraguay,Gustavo Gómez,1,0,0,0,True
2026-06-19-tur-par,2026-06-19,Turkey vs Paraguay,away,Paraguay,Diego Gómez,1,0,0,0,True
2026-06-19-tur-par,2026-06-19,Turkey vs Paraguay,away,Paraguay,Julio Enciso,1,0,0,1,True
2026-06-19-uni-aus,2026-06-19,United States vs Australia,home,United States,Sergiño Dest,3,1,0,0,True
2026-06-19-uni-aus,2026-06-19,United States vs Australia,home,United States,Weston McKennie,2,0,0,0,True
2026-06-19-uni-aus,2026-06-19,United States vs Australia,home,United States,Ricardo Pepi,2,0,0,0,True
2026-06-19-uni-aus,2026-06-19,United States vs Australia,home,United States,Folarin Balogun,2,0,0,0,True
2026-06-19-uni-aus,2026-06-19,United States vs Australia,home,United States,Alex Freeman,1,1,1,0,True
2026-06-19-uni-aus,2026-06-19,United States vs Australia,away,Australia,Mohamed Toure,1,1,0,0,True
2026-06-19-uni-aus,2026-06-19,United States vs Australia,away,Australia,Connor Metcalfe,1,1,0,0,False
2026-06-19-uni-aus,2026-06-19,United States vs Australia,away,Australia,Alessandro Circati,1,0,0,0,True
2026-06-19-uni-aus,2026-06-19,United States vs Australia,away,Australia,Mathew Leckie,1,0,0,0,True
2026-06-19-uni-aus,2026-06-19,United States vs Australia,away,Australia,Cristian Volpato,1,0,0,0,False
2026-06-20-ecu-cur,2026-06-20,Ecuador vs Curaçao,home,Ecuador,Enner Valencia,7,5,0,0,True
2026-06-20-ecu-cur,2026-06-20,Ecuador vs Curaçao,home,Ecuador,Gonzalo Plata,5,3,0,0,True
2026-06-20-ecu-cur,2026-06-20,Ecuador vs Curaçao,home,Ecuador,Kevin Rodríguez,4,1,0,0,False
2026-06-20-ecu-cur,2026-06-20,Ecuador vs Curaçao,home,Ecuador,John Yeboah,3,2,0,0,True
2026-06-20-ecu-cur,2026-06-20,Ecuador vs Curaçao,away,Curaçao,Livano Comenencia,3,1,0,0,True
2026-06-20-ecu-cur,2026-06-20,Ecuador vs Curaçao,away,Curaçao,Juninho Bacuna,3,1,0,0,True
2026-06-20-ecu-cur,2026-06-20,Ecuador vs Curaçao,home,Ecuador,Pedro Vite,2,1,0,0,True
2026-06-20-ecu-cur,2026-06-20,Ecuador vs Curaçao,away,Curaçao,Leandro Bacuna,2,1,0,0,True
2026-06-20-ecu-cur,2026-06-20,Ecuador vs Curaçao,home,Ecuador,Piero Hincapié,2,0,0,0,True
2026-06-20-ecu-cur,2026-06-20,Ecuador vs Curaçao,home,Ecuador,Nilson Angulo,1,1,0,0,False
2026-06-20-ecu-cur,2026-06-20,Ecuador vs Curaçao,home,Ecuador,Willian Pacho,1,1,0,0,True
2026-06-20-ecu-cur,2026-06-20,Ecuador vs Curaçao,home,Ecuador,Moisés Caicedo,1,1,0,0,True
2026-06-20-ecu-cur,2026-06-20,Ecuador vs Curaçao,home,Ecuador,Jordy Alcívar,1,0,0,0,True
2026-06-20-ecu-cur,2026-06-20,Ecuador vs Curaçao,away,Curaçao,Sherel Floranus,1,0,0,0,True
2026-06-20-ecu-cur,2026-06-20,Ecuador vs Curaçao,away,Curaçao,Jürgen Locadia,1,0,0,0,True
2026-06-20-ger-ivo,2026-06-20,Germany vs Ivory Coast,home,Germany,Deniz Undav,3,3,2,0,False
2026-06-20-ger-ivo,2026-06-20,Germany vs Ivory Coast,home,Germany,Kai Havertz,3,1,0,0,True
2026-06-20-ger-ivo,2026-06-20,Germany vs Ivory Coast,home,Germany,Florian Wirtz,2,1,0,0,True
2026-06-20-ger-ivo,2026-06-20,Germany vs Ivory Coast,away,Ivory Coast,Franck Kessié,2,1,1,0,True
2026-06-20-ger-ivo,2026-06-20,Germany vs Ivory Coast,home,Germany,Jamal Musiala,2,0,0,0,True
2026-06-20-ger-ivo,2026-06-20,Germany vs Ivory Coast,home,Germany,Felix Nmecha,2,0,0,1,True
2026-06-20-ger-ivo,2026-06-20,Germany vs Ivory Coast,home,Germany,Nathaniel Brown,1,1,0,0,True
2026-06-20-ger-ivo,2026-06-20,Germany vs Ivory Coast,home,Germany,Nadiem Amiri,1,1,0,1,False
2026-06-20-ger-ivo,2026-06-20,Germany vs Ivory Coast,away,Ivory Coast,Ange-Yoan Bonny,1,1,0,0,True
2026-06-20-ger-ivo,2026-06-20,Germany vs Ivory Coast,home,Germany,Jamie Leweling,1,0,0,0,False
2026-06-20-ger-ivo,2026-06-20,Germany vs Ivory Coast,home,Germany,Antonio Rüdiger,1,0,0,0,False
2026-06-20-ger-ivo,2026-06-20,Germany vs Ivory Coast,away,Ivory Coast,Ghislain Konan,1,0,0,0,True
2026-06-20-ger-ivo,2026-06-20,Germany vs Ivory Coast,away,Ivory Coast,Wilfried Singo,1,0,0,0,True
2026-06-20-ger-ivo,2026-06-20,Germany vs Ivory Coast,away,Ivory Coast,Christ Inao Oulaï,1,0,0,0,True
2026-06-20-ger-ivo,2026-06-20,Germany vs Ivory Coast,away,Ivory Coast,Yan Diomande,1,0,0,0,True
2026-06-20-ger-ivo,2026-06-20,Germany vs Ivory Coast,away,Ivory Coast,Amad Diallo,1,0,0,0,True
2026-06-20-ger-ivo,2026-06-20,Germany vs Ivory Coast,away,Ivory Coast,Seko Fofana,1,0,0,0,False
2026-06-20-net-swe,2026-06-20,Netherlands vs Sweden,home,Netherlands,Cody Gakpo,5,4,2,1,True
2026-06-20-net-swe,2026-06-20,Netherlands vs Sweden,away,Sweden,Viktor Gyökeres,5,3,0,0,True
2026-06-20-net-swe,2026-06-20,Netherlands vs Sweden,away,Sweden,Yasin Ayari,5,1,0,0,True
2026-06-20-net-swe,2026-06-20,Netherlands vs Sweden,home,Netherlands,Brian Brobbey,2,2,2,0,True
2026-06-20-net-swe,2026-06-20,Netherlands vs Sweden,home,Netherlands,Crysencio Summerville,1,1,1,1,False
2026-06-20-net-swe,2026-06-20,Netherlands vs Sweden,away,Sweden,Anthony Elanga,1,1,1,0,False
2026-06-20-net-swe,2026-06-20,Netherlands vs Sweden,away,Sweden,Besfort Zeneli,1,1,0,0,False
2026-06-20-net-swe,2026-06-20,Netherlands vs Sweden,away,Sweden,Gustaf Lagerbielke,1,1,0,0,True
2026-06-20-net-swe,2026-06-20,Netherlands vs Sweden,away,Sweden,Alexander Isak,1,1,0,1,True
2026-06-20-net-swe,2026-06-20,Netherlands vs Sweden,home,Netherlands,Tijjani Reijnders,1,0,0,0,True
2026-06-20-net-swe,2026-06-20,Netherlands vs Sweden,home,Netherlands,Ryan Gravenberch,1,0,0,0,True
2026-06-20-net-swe,2026-06-20,Netherlands vs Sweden,away,Sweden,Jesper Karlström,1,0,0,0,True
2026-06-20-net-swe,2026-06-20,Netherlands vs Sweden,away,Sweden,Benjamin Nygren,1,0,0,0,True
2026-06-20-tun-jap,2026-06-20,Tunisia vs Japan,away,Japan,Ayase Ueda,5,3,2,1,True
2026-06-20-tun-jap,2026-06-20,Tunisia vs Japan,away,Japan,Junya Ito,2,1,1,0,True
2026-06-20-tun-jap,2026-06-20,Tunisia vs Japan,away,Japan,Daichi Kamada,1,1,1,0,True
2026-06-20-tun-jap,2026-06-20,Tunisia vs Japan,home,Tunisia,Hannibal Mejbri,1,0,0,0,True
2026-06-20-tun-jap,2026-06-20,Tunisia vs Japan,home,Tunisia,Ismaël Gharbi,1,0,0,0,False
2026-06-20-tun-jap,2026-06-20,Tunisia vs Japan,away,Japan,Takehiro Tomiyasu,1,0,0,0,True
2026-06-20-tun-jap,2026-06-20,Tunisia vs Japan,away,Japan,Ao Tanaka,1,0,0,0,True
2026-06-20-tun-jap,2026-06-20,Tunisia vs Japan,away,Japan,Keito Nakamura,1,0,0,1,True
2026-06-21-bel-ira,2026-06-21,Belgium vs Iran,home,Belgium,Maxim De Cuyper,5,4,0,0,True
2026-06-21-bel-ira,2026-06-21,Belgium vs Iran,home,Belgium,Kevin De Bruyne,5,1,0,0,True
2026-06-21-bel-ira,2026-06-21,Belgium vs Iran,home,Belgium,Youri Tielemans,2,1,0,0,True
2026-06-21-bel-ira,2026-06-21,Belgium vs Iran,home,Belgium,Dodi Lukébakio,2,1,0,0,False
2026-06-21-bel-ira,2026-06-21,Belgium vs Iran,away,Iran,Saeid Ezatolahi,2,1,0,0,True
2026-06-21-bel-ira,2026-06-21,Belgium vs Iran,home,Belgium,Alexis Saelemaekers,2,0,0,0,True
2026-06-21-bel-ira,2026-06-21,Belgium vs Iran,home,Belgium,Hans Vanaken,2,0,0,0,False
2026-06-21-bel-ira,2026-06-21,Belgium vs Iran,away,Iran,Hossein Kanani,1,1,0,0,True
2026-06-21-bel-ira,2026-06-21,Belgium vs Iran,away,Iran,Mehdi Taremi,1,1,0,0,True
2026-06-21-bel-ira,2026-06-21,Belgium vs Iran,home,Belgium,Brandon Mechele,1,0,0,0,True
2026-06-21-bel-ira,2026-06-21,Belgium vs Iran,home,Belgium,Nathan Ngoy,1,0,0,0,True
2026-06-21-bel-ira,2026-06-21,Belgium vs Iran,home,Belgium,Romelu Lukaku,1,0,0,0,True
2026-06-21-bel-ira,2026-06-21,Belgium vs Iran,home,Belgium,Leandro Trossard,1,0,0,0,True
2026-06-21-bel-ira,2026-06-21,Belgium vs Iran,home,Belgium,Matias Fernandez-Pardo,1,0,0,0,False
2026-06-21-bel-ira,2026-06-21,Belgium vs Iran,away,Iran,Shoja Khalilzadeh,1,0,0,0,True
2026-06-21-bel-ira,2026-06-21,Belgium vs Iran,away,Iran,Alireza Jahanbakhsh,1,0,0,0,False
2026-06-21-bel-ira,2026-06-21,Belgium vs Iran,away,Iran,Amirhossein Hosseinzadeh,1,0,0,0,False
2026-06-21-new-egy,2026-06-21,New Zealand vs Egypt,away,Egypt,Mohamed Salah,5,2,1,1,True
2026-06-21-new-egy,2026-06-21,New Zealand vs Egypt,away,Egypt,Mostafa Zico,4,1,1,1,True
2026-06-21-new-egy,2026-06-21,New Zealand vs Egypt,away,Egypt,Omar Marmoush,3,1,0,0,True
2026-06-21-new-egy,2026-06-21,New Zealand vs Egypt,away,Egypt,Emam Ashour,3,0,0,0,True
2026-06-21-new-egy,2026-06-21,New Zealand vs Egypt,home,New Zealand,Callum McCowatt,2,2,0,0,True
2026-06-21-new-egy,2026-06-21,New Zealand vs Egypt,home,New Zealand,Elijah Just,2,1,0,0,True
2026-06-21-new-egy,2026-06-21,New Zealand vs Egypt,home,New Zealand,Marko Stamenic,2,0,0,0,True
2026-06-21-new-egy,2026-06-21,New Zealand vs Egypt,home,New Zealand,Finn Surman,1,1,1,0,True
2026-06-21-new-egy,2026-06-21,New Zealand vs Egypt,home,New Zealand,Tyler Bindon,1,1,0,0,False
2026-06-21-new-egy,2026-06-21,New Zealand vs Egypt,away,Egypt,Ahmed Fatouh,1,1,0,0,True
2026-06-21-new-egy,2026-06-21,New Zealand vs Egypt,away,Egypt,Zizo,1,1,0,0,False
2026-06-21-new-egy,2026-06-21,New Zealand vs Egypt,away,Egypt,Trézéguet,1,1,1,0,False
2026-06-21-new-egy,2026-06-21,New Zealand vs Egypt,home,New Zealand,Sarpreet Singh,1,0,0,0,True
2026-06-21-new-egy,2026-06-21,New Zealand vs Egypt,home,New Zealand,Joe Bell,1,0,0,0,True
2026-06-21-new-egy,2026-06-21,New Zealand vs Egypt,home,New Zealand,Chris Wood,1,0,0,0,True
2026-06-21-new-egy,2026-06-21,New Zealand vs Egypt,away,Egypt,Mohamed Hany,1,0,0,1,True
2026-06-21-spa-sau,2026-06-21,Spain vs Saudi Arabia,home,Spain,Mikel Oyarzabal,5,3,2,1,True
2026-06-21-spa-sau,2026-06-21,Spain vs Saudi Arabia,home,Spain,Lamine Yamal,5,2,1,0,True
2026-06-21-spa-sau,2026-06-21,Spain vs Saudi Arabia,home,Spain,Pedro Porro,2,1,0,0,True
2026-06-21-spa-sau,2026-06-21,Spain vs Saudi Arabia,home,Spain,Ferran Torres,2,1,0,0,False
2026-06-21-spa-sau,2026-06-21,Spain vs Saudi Arabia,home,Spain,Dani Olmo,2,0,0,1,True
2026-06-21-spa-sau,2026-06-21,Spain vs Saudi Arabia,home,Spain,Álex Baena,2,0,0,0,True
2026-06-21-spa-sau,2026-06-21,Spain vs Saudi Arabia,home,Spain,Marc Cucurella,1,1,0,0,True
2026-06-21-spa-sau,2026-06-21,Spain vs Saudi Arabia,away,Saudi Arabia,Abdullah Al-Hamdan,1,1,0,0,False
2026-06-21-spa-sau,2026-06-21,Spain vs Saudi Arabia,home,Spain,Rodri ,1,0,0,0,True
2026-06-21-spa-sau,2026-06-21,Spain vs Saudi Arabia,home,Spain,Pedri ,1,0,0,0,True
2026-06-21-spa-sau,2026-06-21,Spain vs Saudi Arabia,home,Spain,Mikel Merino,1,0,0,0,False
2026-06-21-spa-sau,2026-06-21,Spain vs Saudi Arabia,away,Saudi Arabia,Abdulelah Al-Amri,1,0,0,0,True
2026-06-21-spa-sau,2026-06-21,Spain vs Saudi Arabia,away,Saudi Arabia,Salem Al-Dawsari,1,0,0,0,True
2026-06-21-uru-cap,2026-06-21,Uruguay vs Cape Verde,home,Uruguay,Federico Valverde,7,0,0,0,True
2026-06-21-uru-cap,2026-06-21,Uruguay vs Cape Verde,away,Cape Verde,Laros Duarte,2,2,0,0,False
2026-06-21-uru-cap,2026-06-21,Uruguay vs Cape Verde,home,Uruguay,Maxi Araújo,2,1,1,1,True
2026-06-21-uru-cap,2026-06-21,Uruguay vs Cape Verde,home,Uruguay,Agustín Canobbio,2,1,1,0,True
2026-06-21-uru-cap,2026-06-21,Uruguay vs Cape Verde,home,Uruguay,Rodrigo Bentancur,2,0,0,0,True
2026-06-21-uru-cap,2026-06-21,Uruguay vs Cape Verde,away,Cape Verde,Sidny Lopes Cabral,2,0,0,0,True
2026-06-21-uru-cap,2026-06-21,Uruguay vs Cape Verde,away,Cape Verde,Jamiro Monteiro,2,0,0,0,True
2026-06-21-uru-cap,2026-06-21,Uruguay vs Cape Verde,away,Cape Verde,Ryan Mendes,2,0,0,0,True
2026-06-21-uru-cap,2026-06-21,Uruguay vs Cape Verde,away,Cape Verde,Kevin Pina,1,1,1,0,True
2026-06-21-uru-cap,2026-06-21,Uruguay vs Cape Verde,away,Cape Verde,Hélio Varela,1,1,1,0,False
2026-06-21-uru-cap,2026-06-21,Uruguay vs Cape Verde,home,Uruguay,Sebastián Cáceres,1,0,0,0,True
2026-06-21-uru-cap,2026-06-21,Uruguay vs Cape Verde,home,Uruguay,Manuel Ugarte,1,0,0,0,True
2026-06-21-uru-cap,2026-06-21,Uruguay vs Cape Verde,home,Uruguay,Nicolás de la Cruz,1,0,0,0,False
2026-06-21-uru-cap,2026-06-21,Uruguay vs Cape Verde,home,Uruguay,Brian Rodríguez,1,0,0,0,False
2026-06-21-uru-cap,2026-06-21,Uruguay vs Cape Verde,away,Cape Verde,Diney Borges,1,0,0,0,True
2026-06-21-uru-cap,2026-06-21,Uruguay vs Cape Verde,away,Cape Verde,Pico Lopes,1,0,0,0,True
2026-06-22-arg-aus,2026-06-22,Argentina vs Austria,home,Argentina,Lionel Messi,7,4,2,0,True
2026-06-22-arg-aus,2026-06-22,Argentina vs Austria,away,Austria,Marcel Sabitzer,3,1,0,0,True
2026-06-22-arg-aus,2026-06-22,Argentina vs Austria,home,Argentina,Enzo Fernández,2,0,0,0,True
2026-06-22-arg-aus,2026-06-22,Argentina vs Austria,home,Argentina,Nico González,2,0,0,0,False
2026-06-22-arg-aus,2026-06-22,Argentina vs Austria,home,Argentina,Julián Álvarez,1,1,0,0,False
2026-06-22-arg-aus,2026-06-22,Argentina vs Austria,away,Austria,Paul Wanner,1,0,0,0,True
2026-06-22-arg-aus,2026-06-22,Argentina vs Austria,away,Austria,Michael Gregoritsch,1,0,0,0,True
2026-06-22-arg-aus,2026-06-22,Argentina vs Austria,away,Austria,Patrick Wimmer,1,0,0,0,False
2026-06-22-fra-ira,2026-06-22,France vs Iraq,home,France,Kylian Mbappé,8,3,2,0,True
2026-06-22-fra-ira,2026-06-22,France vs Iraq,home,France,Ousmane Dembélé,4,2,1,1,True
2026-06-22-fra-ira,2026-06-22,France vs Iraq,home,France,Michael Olise,3,0,0,2,True
2026-06-22-fra-ira,2026-06-22,France vs Iraq,away,Iraq,Ali Al-Hamadi,3,0,0,0,False
2026-06-22-fra-ira,2026-06-22,France vs Iraq,home,France,William Saliba,1,0,0,0,True
2026-06-22-fra-ira,2026-06-22,France vs Iraq,home,France,Adrien Rabiot,1,0,0,0,True
2026-06-22-fra-ira,2026-06-22,France vs Iraq,home,France,Manu Koné,1,0,0,0,True
2026-06-22-fra-ira,2026-06-22,France vs Iraq,home,France,Bradley Barcola,1,0,0,0,True
2026-06-22-fra-ira,2026-06-22,France vs Iraq,away,Iraq,Rebin Sulaka,1,0,0,0,False
2026-06-22-jor-alg,2026-06-22,Jordan vs Algeria,away,Algeria,Ibrahim Maza,4,2,0,0,True
2026-06-22-jor-alg,2026-06-22,Jordan vs Algeria,away,Algeria,Amine Gouiri,3,2,1,0,True
2026-06-22-jor-alg,2026-06-22,Jordan vs Algeria,away,Algeria,Nadhir Benbouali,2,2,1,0,False
2026-06-22-jor-alg,2026-06-22,Jordan vs Algeria,home,Jordan,Nizar Al-Rashdan,2,1,1,0,True
2026-06-22-jor-alg,2026-06-22,Jordan vs Algeria,home,Jordan,Mousa Al-Tamari,2,1,0,1,True
2026-06-22-jor-alg,2026-06-22,Jordan vs Algeria,home,Jordan,Ali Olwan,2,1,0,0,True
2026-06-22-jor-alg,2026-06-22,Jordan vs Algeria,away,Algeria,Farès Chaïbi,2,1,0,0,True
2026-06-22-jor-alg,2026-06-22,Jordan vs Algeria,home,Jordan,Mahmoud Al-Mardi,1,1,0,0,True
2026-06-22-jor-alg,2026-06-22,Jordan vs Algeria,away,Algeria,Riyad Mahrez,1,1,0,1,True
2026-06-22-jor-alg,2026-06-22,Jordan vs Algeria,home,Jordan,Noor Al-Rawabdeh,1,0,0,0,True
2026-06-22-jor-alg,2026-06-22,Jordan vs Algeria,away,Algeria,Ramy Bensebaini,1,0,0,0,True
2026-06-22-jor-alg,2026-06-22,Jordan vs Algeria,away,Algeria,Rayan Aït-Nouri,1,0,0,0,True
2026-06-22-jor-alg,2026-06-22,Jordan vs Algeria,away,Algeria,Rafik Belghali,1,0,0,0,True
2026-06-22-jor-alg,2026-06-22,Jordan vs Algeria,away,Algeria,Anis Hadj Moussa,1,0,0,0,False
2026-06-22-jor-alg,2026-06-22,Jordan vs Algeria,away,Algeria,Nabil Bentaleb,1,0,0,0,False
2026-06-22-nor-sen,2026-06-22,Norway vs Senegal,away,Senegal,Ismaïla Sarr,6,3,2,0,True
2026-06-22-nor-sen,2026-06-22,Norway vs Senegal,home,Norway,Erling Haaland,5,3,2,0,True
2026-06-22-nor-sen,2026-06-22,Norway vs Senegal,home,Norway,Martin Ødegaard,3,1,0,1,True
2026-06-22-nor-sen,2026-06-22,Norway vs Senegal,away,Senegal,Nicolas Jackson,3,1,0,1,True
2026-06-22-nor-sen,2026-06-22,Norway vs Senegal,home,Norway,Antonio Nusa,2,0,0,0,True
2026-06-22-nor-sen,2026-06-22,Norway vs Senegal,away,Senegal,Lamine Camara,2,0,0,0,True
2026-06-22-nor-sen,2026-06-22,Norway vs Senegal,away,Senegal,Idrissa Gueye,2,0,0,0,True
2026-06-22-nor-sen,2026-06-22,Norway vs Senegal,away,Senegal,Pape Matar Sarr,2,0,0,0,False
2026-06-22-nor-sen,2026-06-22,Norway vs Senegal,home,Norway,Kristoffer Ajer,1,1,0,0,True
2026-06-22-nor-sen,2026-06-22,Norway vs Senegal,home,Norway,Marcus Holmgren Pedersen,1,1,1,0,False
2026-06-22-nor-sen,2026-06-22,Norway vs Senegal,home,Norway,Oscar Bobb,1,1,0,0,False
2026-06-22-nor-sen,2026-06-22,Norway vs Senegal,away,Senegal,Ibrahim Mbaye,1,0,0,0,False
2026-06-23-eng-gha,2026-06-23,England vs Ghana,home,England,Elliot Anderson,4,0,0,0,True
2026-06-23-eng-gha,2026-06-23,England vs Ghana,home,England,Harry Kane,3,1,0,0,True
2026-06-23-eng-gha,2026-06-23,England vs Ghana,home,England,Declan Rice,3,0,0,0,True
2026-06-23-eng-gha,2026-06-23,England vs Ghana,home,England,Bukayo Saka,2,1,0,0,False
2026-06-23-eng-gha,2026-06-23,England vs Ghana,home,England,Noni Madueke,2,0,0,0,True
2026-06-23-eng-gha,2026-06-23,England vs Ghana,home,England,Nico O'Reilly,2,0,0,0,False
2026-06-23-eng-gha,2026-06-23,England vs Ghana,home,England,Anthony Gordon,1,1,0,0,True
2026-06-23-eng-gha,2026-06-23,England vs Ghana,away,Ghana,Prince Adu,1,1,0,0,False
2026-06-23-eng-gha,2026-06-23,England vs Ghana,home,England,Marc Guéhi,1,0,0,0,True
2026-06-23-eng-gha,2026-06-23,England vs Ghana,home,England,Jude Bellingham,1,0,0,0,True
2026-06-23-eng-gha,2026-06-23,England vs Ghana,away,Ghana,Marvin Senaya,1,0,0,0,True
2026-06-23-por-uzb,2026-06-23,Portugal vs Uzbekistan,home,Portugal,Cristiano Ronaldo,7,5,2,0,True
2026-06-23-por-uzb,2026-06-23,Portugal vs Uzbekistan,home,Portugal,João Félix,3,1,0,0,True
2026-06-23-por-uzb,2026-06-23,Portugal vs Uzbekistan,home,Portugal,Bruno Fernandes,2,1,0,1,True
2026-06-23-por-uzb,2026-06-23,Portugal vs Uzbekistan,away,Uzbekistan,Otabek Shukurov,2,0,0,0,True
2026-06-23-por-uzb,2026-06-23,Portugal vs Uzbekistan,home,Portugal,Nuno Mendes,1,1,1,0,True
2026-06-23-por-uzb,2026-06-23,Portugal vs Uzbekistan,home,Portugal,Rafael Leão,1,1,1,0,False
2026-06-23-por-uzb,2026-06-23,Portugal vs Uzbekistan,away,Uzbekistan,Sherzod Nasrullaev,1,1,0,0,True
2026-06-23-por-uzb,2026-06-23,Portugal vs Uzbekistan,away,Uzbekistan,Abbosbek Fayzullaev,1,1,0,0,True
2026-06-23-por-uzb,2026-06-23,Portugal vs Uzbekistan,home,Portugal,João Cancelo,1,0,0,1,True
2026-06-23-por-uzb,2026-06-23,Portugal vs Uzbekistan,home,Portugal,Vitinha ,1,0,0,0,True
2026-06-23-por-uzb,2026-06-23,Portugal vs Uzbekistan,home,Portugal,Francisco Trincão,1,0,0,0,False
2026-06-23-por-uzb,2026-06-23,Portugal vs Uzbekistan,away,Uzbekistan,Odiljon Xamrobekov,1,0,0,0,True
2026-06-23-por-uzb,2026-06-23,Portugal vs Uzbekistan,away,Uzbekistan,Eldor Shomurodov,1,0,0,0,True
2026-06-23-por-uzb,2026-06-23,Portugal vs Uzbekistan,away,Uzbekistan,Azizjon Ganiev,1,0,0,0,True
2026-06-24-bos-qat,2026-06-24,Bosnia and Herzegovina vs Qatar,home,Bosnia-Herzegovina,Ivan Basic,4,0,0,1,True
2026-06-24-bos-qat,2026-06-24,Bosnia and Herzegovina vs Qatar,away,Qatar,Pedro Miguel,3,1,0,0,True
2026-06-24-bos-qat,2026-06-24,Bosnia and Herzegovina vs Qatar,home,Bosnia-Herzegovina,Kerim Alajbegovic,2,1,1,0,True
2026-06-24-bos-qat,2026-06-24,Bosnia and Herzegovina vs Qatar,home,Bosnia-Herzegovina,Esmir Bajraktarevic,2,1,0,0,True
2026-06-24-bos-qat,2026-06-24,Bosnia and Herzegovina vs Qatar,away,Qatar,Akram Afif,2,0,0,0,True
2026-06-24-bos-qat,2026-06-24,Bosnia and Herzegovina vs Qatar,home,Bosnia-Herzegovina,Ivan Sunjic,1,1,0,0,True
2026-06-24-bos-qat,2026-06-24,Bosnia and Herzegovina vs Qatar,home,Bosnia-Herzegovina,Ermedin Demirovic,1,1,0,0,True
2026-06-24-bos-qat,2026-06-24,Bosnia and Herzegovina vs Qatar,home,Bosnia-Herzegovina,Ermin Mahmic,1,1,1,0,False
2026-06-24-bos-qat,2026-06-24,Bosnia and Herzegovina vs Qatar,away,Qatar,Hassan Al-Haydos,1,1,1,0,True
2026-06-24-bos-qat,2026-06-24,Bosnia and Herzegovina vs Qatar,away,Qatar,Almoez Ali,1,1,0,0,False
2026-06-24-bos-qat,2026-06-24,Bosnia and Herzegovina vs Qatar,home,Bosnia-Herzegovina,Stjepan Radeljic,1,0,0,0,True
2026-06-24-bos-qat,2026-06-24,Bosnia and Herzegovina vs Qatar,home,Bosnia-Herzegovina,Nikola Katic,1,0,0,0,True
2026-06-24-bos-qat,2026-06-24,Bosnia and Herzegovina vs Qatar,home,Bosnia-Herzegovina,Edin Dzeko,1,0,0,0,True
2026-06-24-bos-qat,2026-06-24,Bosnia and Herzegovina vs Qatar,away,Qatar,Boualem Khoukhi,1,0,0,0,True
2026-06-24-bos-qat,2026-06-24,Bosnia and Herzegovina vs Qatar,away,Qatar,Ahmed Al-Ganehi,1,0,0,0,False
2026-06-24-can-swi,2026-06-24,Canada vs Switzerland,home,Canada,Promise David,3,3,1,0,False
2026-06-24-can-swi,2026-06-24,Canada vs Switzerland,away,Switzerland,Breel Embolo,2,2,0,1,True
2026-06-24-can-swi,2026-06-24,Canada vs Switzerland,away,Switzerland,Johan Manzambi,2,1,1,1,True
2026-06-24-can-swi,2026-06-24,Canada vs Switzerland,home,Canada,Alistair Johnston,2,1,0,0,True
2026-06-24-can-swi,2026-06-24,Canada vs Switzerland,home,Canada,Derek Cornelius,2,0,0,0,True
2026-06-24-can-swi,2026-06-24,Canada vs Switzerland,home,Canada,Jonathan David,2,0,0,0,True
2026-06-24-can-swi,2026-06-24,Canada vs Switzerland,away,Switzerland,Rubén Vargas,1,1,1,0,True
2026-06-24-can-swi,2026-06-24,Canada vs Switzerland,home,Canada,Luc de Fougerolles,1,1,0,0,True
2026-06-24-can-swi,2026-06-24,Canada vs Switzerland,home,Canada,Ali Ahmed,1,1,0,0,True
2026-06-24-can-swi,2026-06-24,Canada vs Switzerland,home,Canada,Cyle Larin,1,1,0,0,True
2026-06-24-can-swi,2026-06-24,Canada vs Switzerland,away,Switzerland,Granit Xhaka,1,0,0,0,True
2026-06-24-can-swi,2026-06-24,Canada vs Switzerland,home,Canada,Liam Millar,1,0,0,0,False
2026-06-24-mex-cze,2026-06-24,Mexico vs Czech Republic,home,Mexico,Julián Quiñones,4,1,1,0,True
2026-06-24-mex-cze,2026-06-24,Mexico vs Czech Republic,away,Czechia,David Doudera,4,0,0,0,True
2026-06-24-mex-cze,2026-06-24,Mexico vs Czech Republic,away,Czechia,Denis Visinský,3,0,0,0,True
2026-06-24-mex-cze,2026-06-24,Mexico vs Czech Republic,away,Czechia,Lukás Cerv,2,1,0,0,True
2026-06-24-mex-cze,2026-06-24,Mexico vs Czech Republic,away,Czechia,Michal Sadílek,2,0,0,0,True
2026-06-24-mex-cze,2026-06-24,Mexico vs Czech Republic,home,Mexico,Mateo Chávez,1,1,1,0,True
2026-06-24-mex-cze,2026-06-24,Mexico vs Czech Republic,home,Mexico,Jorge Sánchez,1,1,0,1,True
2026-06-24-mex-cze,2026-06-24,Mexico vs Czech Republic,home,Mexico,Álvaro Fidalgo,1,1,1,0,False
2026-06-24-mex-cze,2026-06-24,Mexico vs Czech Republic,home,Mexico,Santiago Gimenez,1,1,0,0,False
2026-06-24-mex-cze,2026-06-24,Mexico vs Czech Republic,away,Czechia,Vladimír Coufal,1,0,0,0,True
2026-06-24-mex-cze,2026-06-24,Mexico vs Czech Republic,away,Czechia,Pavel Sulc,1,0,0,0,True
2026-06-24-mex-cze,2026-06-24,Mexico vs Czech Republic,home,Mexico,Israel Reyes,1,0,0,0,True
2026-06-24-mex-cze,2026-06-24,Mexico vs Czech Republic,home,Mexico,Gilberto Mora,1,0,0,0,True
2026-06-24-mex-cze,2026-06-24,Mexico vs Czech Republic,home,Mexico,Roberto Alvarado,1,0,0,1,True
2026-06-24-mor-hai,2026-06-24,Morocco vs Haiti,home,Morocco,Achraf Hakimi,5,3,1,1,True
2026-06-24-mor-hai,2026-06-24,Morocco vs Haiti,home,Morocco,Ismael Saibari,5,1,1,0,True
2026-06-24-mor-hai,2026-06-24,Morocco vs Haiti,home,Morocco,Ayoub El Kaabi,3,2,0,0,True
2026-06-24-mor-hai,2026-06-24,Morocco vs Haiti,away,Haiti,Jean-Ricner Bellegarde,3,0,0,0,True
2026-06-24-mor-hai,2026-06-24,Morocco vs Haiti,home,Morocco,Bilal El Khannouss,2,2,0,0,True
2026-06-24-mor-hai,2026-06-24,Morocco vs Haiti,home,Morocco,Soufiane Rahimi,2,1,1,1,False
2026-06-24-mor-hai,2026-06-24,Morocco vs Haiti,away,Haiti,Lenny Joseph,2,0,0,0,True
2026-06-24-mor-hai,2026-06-24,Morocco vs Haiti,home,Morocco,Neil El Aynaoui,1,1,0,0,True
2026-06-24-mor-hai,2026-06-24,Morocco vs Haiti,home,Morocco,Gessime Yassine,1,1,1,0,False
2026-06-24-mor-hai,2026-06-24,Morocco vs Haiti,away,Haiti,Wilson Isidor,1,1,1,0,True
2026-06-24-mor-hai,2026-06-24,Morocco vs Haiti,away,Haiti,Duckens Nazon,1,1,0,0,False
2026-06-24-mor-hai,2026-06-24,Morocco vs Haiti,home,Morocco,Chadi Riad,1,0,0,1,True
2026-06-24-mor-hai,2026-06-24,Morocco vs Haiti,home,Morocco,Brahim Díaz,1,0,0,0,True
2026-06-24-mor-hai,2026-06-24,Morocco vs Haiti,home,Morocco,Azzedine Ounahi,1,0,0,0,False
2026-06-24-mor-hai,2026-06-24,Morocco vs Haiti,away,Haiti,Ricardo Adé,1,0,0,0,True
2026-06-24-mor-hai,2026-06-24,Morocco vs Haiti,away,Haiti,Louicius Deedson,1,0,0,0,False
2026-06-24-sco-bra,2026-06-24,Scotland vs Brazil,away,Brazil,Vinícius Júnior,8,5,2,0,True
2026-06-24-sco-bra,2026-06-24,Scotland vs Brazil,away,Brazil,Matheus Cunha,5,2,1,0,True
2026-06-24-sco-bra,2026-06-24,Scotland vs Brazil,home,Scotland,Scott McTominay,4,3,0,0,True
2026-06-24-sco-bra,2026-06-24,Scotland vs Brazil,home,Scotland,Lewis Ferguson,2,1,0,0,True
2026-06-24-sco-bra,2026-06-24,Scotland vs Brazil,away,Brazil,Rayan,2,1,0,1,True
2026-06-24-sco-bra,2026-06-24,Scotland vs Brazil,home,Scotland,Lawrence Shankland,2,0,0,0,True
2026-06-24-sco-bra,2026-06-24,Scotland vs Brazil,home,Scotland,Ben Gannon-Doak,2,0,0,0,True
2026-06-24-sco-bra,2026-06-24,Scotland vs Brazil,home,Scotland,Anthony Ralston,1,1,0,0,False
2026-06-24-sco-bra,2026-06-24,Scotland vs Brazil,away,Brazil,Neymar,1,1,0,0,False
2026-06-24-sco-bra,2026-06-24,Scotland vs Brazil,home,Scotland,Kenny McLean,1,0,0,0,True
2026-06-24-sco-bra,2026-06-24,Scotland vs Brazil,home,Scotland,Ryan Christie,1,0,0,0,False
2026-06-24-sco-bra,2026-06-24,Scotland vs Brazil,home,Scotland,Kieran Tierney,1,0,0,0,False
2026-06-24-sco-bra,2026-06-24,Scotland vs Brazil,away,Brazil,Gabriel Magalhães,1,0,0,0,True
2026-06-24-sco-bra,2026-06-24,Scotland vs Brazil,away,Brazil,Douglas Santos,1,0,0,0,True
2026-06-24-sco-bra,2026-06-24,Scotland vs Brazil,away,Brazil,Casemiro,1,0,0,0,True
2026-06-24-sco-bra,2026-06-24,Scotland vs Brazil,away,Brazil,Lucas Paquetá,1,0,0,0,True
2026-06-24-sco-bra,2026-06-24,Scotland vs Brazil,away,Brazil,Bruno Guimarães,1,0,0,2,True
2026-06-24-sou-sou,2026-06-24,South Africa vs South Korea,home,South Africa,Thapelo Maseko,5,1,1,0,True
2026-06-24-sou-sou,2026-06-24,South Africa vs South Korea,home,South Africa,Thalente Mbatha,2,1,0,0,True
2026-06-24-sou-sou,2026-06-24,South Africa vs South Korea,home,South Africa,Evidence Makgopa,2,1,0,0,True
2026-06-24-sou-sou,2026-06-24,South Africa vs South Korea,away,South Korea,Oh Hyeon-Gyu,2,1,0,0,True
2026-06-24-sou-sou,2026-06-24,South Africa vs South Korea,home,South Africa,Relebohile Mofokeng,2,0,0,0,True
2026-06-24-sou-sou,2026-06-24,South Africa vs South Korea,home,South Africa,Oswin Appollis,1,1,0,0,True
2026-06-24-sou-sou,2026-06-24,South Africa vs South Korea,away,South Korea,Kim Min-Jae,1,1,0,0,True
2026-06-24-sou-sou,2026-06-24,South Africa vs South Korea,away,South Korea,Park Jin-Seop,1,1,0,0,False
2026-06-24-sou-sou,2026-06-24,South Africa vs South Korea,home,South Africa,Aubrey Modiba,1,0,0,0,True
2026-06-24-sou-sou,2026-06-24,South Africa vs South Korea,away,South Korea,Seol Young-Woo,1,0,0,0,True
2026-06-24-sou-sou,2026-06-24,South Africa vs South Korea,away,South Korea,Hwang Hee-Chan,1,0,0,0,True
2026-06-24-sou-sou,2026-06-24,South Africa vs South Korea,away,South Korea,Lee Kang-In,1,0,0,0,True
2026-06-24-sou-sou,2026-06-24,South Africa vs South Korea,away,South Korea,Son Heung-Min,1,0,0,0,False
2026-06-25-cur-ivo,2026-06-25,Curaçao vs Ivory Coast,home,Curaçao,Tahith Chong,3,2,0,0,True
2026-06-25-cur-ivo,2026-06-25,Curaçao vs Ivory Coast,away,Ivory Coast,Amad Diallo,3,0,0,0,True
2026-06-25-cur-ivo,2026-06-25,Curaçao vs Ivory Coast,away,Ivory Coast,Nicolas Pépé,2,2,2,0,True
2026-06-25-cur-ivo,2026-06-25,Curaçao vs Ivory Coast,home,Curaçao,Juriën Gaari,2,0,0,0,True
2026-06-25-cur-ivo,2026-06-25,Curaçao vs Ivory Coast,home,Curaçao,Leandro Bacuna,2,0,0,0,True
2026-06-25-cur-ivo,2026-06-25,Curaçao vs Ivory Coast,away,Ivory Coast,Elye Wahi,1,1,0,0,False
2026-06-25-cur-ivo,2026-06-25,Curaçao vs Ivory Coast,home,Curaçao,Sherel Floranus,1,0,0,0,True
2026-06-25-cur-ivo,2026-06-25,Curaçao vs Ivory Coast,home,Curaçao,Juninho Bacuna,1,0,0,0,True
2026-06-25-cur-ivo,2026-06-25,Curaçao vs Ivory Coast,home,Curaçao,Jeremy Antonisse,1,0,0,0,False
2026-06-25-cur-ivo,2026-06-25,Curaçao vs Ivory Coast,home,Curaçao,Gervane Kastaneer,1,0,0,0,False
2026-06-25-cur-ivo,2026-06-25,Curaçao vs Ivory Coast,away,Ivory Coast,Franck Kessié,1,0,0,0,True
2026-06-25-ecu-ger,2026-06-25,Ecuador vs Germany,away,Germany,Florian Wirtz,3,0,0,1,True
2026-06-25-ecu-ger,2026-06-25,Ecuador vs Germany,away,Germany,Leroy Sané,2,2,1,0,True
2026-06-25-ecu-ger,2026-06-25,Ecuador vs Germany,home,Ecuador,Enner Valencia,2,1,0,0,True
2026-06-25-ecu-ger,2026-06-25,Ecuador vs Germany,home,Ecuador,Gonzalo Plata,2,1,1,0,True
2026-06-25-ecu-ger,2026-06-25,Ecuador vs Germany,away,Germany,Felix Nmecha,2,0,0,0,True
2026-06-25-ecu-ger,2026-06-25,Ecuador vs Germany,home,Ecuador,Nilson Angulo,1,1,1,0,True
2026-06-25-ecu-ger,2026-06-25,Ecuador vs Germany,away,Germany,Kai Havertz,1,1,0,0,True
2026-06-25-ecu-ger,2026-06-25,Ecuador vs Germany,home,Ecuador,Moisés Caicedo,1,0,0,0,True
2026-06-25-ecu-ger,2026-06-25,Ecuador vs Germany,home,Ecuador,Kevin Rodríguez,1,0,0,1,False
2026-06-25-ecu-ger,2026-06-25,Ecuador vs Germany,away,Germany,Jamal Musiala,1,0,0,0,True
2026-06-25-ecu-ger,2026-06-25,Ecuador vs Germany,away,Germany,Deniz Undav,1,0,0,0,False
2026-06-25-ecu-ger,2026-06-25,Ecuador vs Germany,away,Germany,Pascal Gross,1,0,0,0,False
2026-06-25-jap-swe,2026-06-25,Japan vs Sweden,away,Sweden,Alexander Isak,2,2,0,0,True
2026-06-25-jap-swe,2026-06-25,Japan vs Sweden,away,Sweden,Anthony Elanga,2,2,1,0,True
2026-06-25-jap-swe,2026-06-25,Japan vs Sweden,home,Japan,Daizen Maeda,2,1,1,0,True
2026-06-25-jap-swe,2026-06-25,Japan vs Sweden,away,Sweden,Gustaf Lagerbielke,2,0,0,0,True
2026-06-25-jap-swe,2026-06-25,Japan vs Sweden,home,Japan,Keito Nakamura,1,1,0,0,True
2026-06-25-jap-swe,2026-06-25,Japan vs Sweden,home,Japan,Yukinari Sugawara,1,1,0,0,True
2026-06-25-jap-swe,2026-06-25,Japan vs Sweden,away,Sweden,Alexander Bernhardsson,1,1,0,0,True
2026-06-25-jap-swe,2026-06-25,Japan vs Sweden,home,Japan,Ao Tanaka,1,0,0,0,True
2026-06-25-jap-swe,2026-06-25,Japan vs Sweden,home,Japan,Ayase Ueda,1,0,0,0,True
2026-06-25-jap-swe,2026-06-25,Japan vs Sweden,home,Japan,Ritsu Doan,1,0,0,1,True
2026-06-25-jap-swe,2026-06-25,Japan vs Sweden,home,Japan,Koki Ogawa,1,0,0,0,False
2026-06-25-jap-swe,2026-06-25,Japan vs Sweden,away,Sweden,Victor Lindelöf,1,0,0,0,True
2026-06-25-jap-swe,2026-06-25,Japan vs Sweden,away,Sweden,Viktor Gyökeres,1,0,0,1,True
2026-06-25-jap-swe,2026-06-25,Japan vs Sweden,away,Sweden,Daniel Svensson,1,0,0,0,False
2026-06-25-jap-swe,2026-06-25,Japan vs Sweden,away,Sweden,Ken Sema,1,0,0,0,False
2026-06-25-par-aus,2026-06-25,Paraguay vs Australia,away,Australia,Jordan Bos,3,2,0,0,True
2026-06-25-par-aus,2026-06-25,Paraguay vs Australia,home,Paraguay,Maurício,2,2,0,0,False
2026-06-25-par-aus,2026-06-25,Paraguay vs Australia,away,Australia,Jackson Irvine,2,1,0,0,True
2026-06-25-par-aus,2026-06-25,Paraguay vs Australia,home,Paraguay,Julio Enciso,2,0,0,0,True
2026-06-25-par-aus,2026-06-25,Paraguay vs Australia,away,Australia,Nestory Irankunda,2,0,0,0,True
2026-06-25-par-aus,2026-06-25,Paraguay vs Australia,away,Australia,Cristian Volpato,1,1,0,0,True
2026-06-25-par-aus,2026-06-25,Paraguay vs Australia,away,Australia,Tete Yengi,1,1,0,0,False
2026-06-25-par-aus,2026-06-25,Paraguay vs Australia,home,Paraguay,Juan Jose Cáceres,1,0,0,0,True
2026-06-25-par-aus,2026-06-25,Paraguay vs Australia,home,Paraguay,Andrés Cubas,1,0,0,0,True
2026-06-25-par-aus,2026-06-25,Paraguay vs Australia,home,Paraguay,Gabriel Ávalos,1,0,0,0,True
2026-06-25-par-aus,2026-06-25,Paraguay vs Australia,away,Australia,Aiden O'Neill,1,0,0,0,True
2026-06-25-par-aus,2026-06-25,Paraguay vs Australia,away,Australia,Connor Metcalfe,1,0,0,0,True
2026-06-25-par-aus,2026-06-25,Paraguay vs Australia,away,Australia,Ajdin Hrustic,1,0,0,0,False
2026-06-25-tun-net,2026-06-25,Tunisia vs Netherlands,away,Netherlands,Denzel Dumfries,4,2,0,0,True
2026-06-25-tun-net,2026-06-25,Tunisia vs Netherlands,home,Tunisia,Hazem Mastouri,3,2,1,0,True
2026-06-25-tun-net,2026-06-25,Tunisia vs Netherlands,away,Netherlands,Tijjani Reijnders,3,2,0,1,True
2026-06-25-tun-net,2026-06-25,Tunisia vs Netherlands,away,Netherlands,Jan Paul van Hecke,2,1,1,0,True
2026-06-25-tun-net,2026-06-25,Tunisia vs Netherlands,away,Netherlands,Brian Brobbey,2,1,1,0,True
2026-06-25-tun-net,2026-06-25,Tunisia vs Netherlands,home,Tunisia,Ismaël Gharbi,2,0,0,0,True
2026-06-25-tun-net,2026-06-25,Tunisia vs Netherlands,home,Tunisia,Elias Achouri,2,0,0,0,False
2026-06-25-tun-net,2026-06-25,Tunisia vs Netherlands,away,Netherlands,Ryan Gravenberch,2,0,0,0,True
2026-06-25-tun-net,2026-06-25,Tunisia vs Netherlands,away,Netherlands,Cody Gakpo,2,0,0,0,True
2026-06-25-tun-net,2026-06-25,Tunisia vs Netherlands,away,Netherlands,Donyell Malen,2,0,0,0,True
2026-06-25-tun-net,2026-06-25,Tunisia vs Netherlands,home,Tunisia,Hannibal Mejbri,1,1,0,1,True
2026-06-25-tun-net,2026-06-25,Tunisia vs Netherlands,home,Tunisia,Anis Slimane,1,1,0,0,True
2026-06-25-tun-net,2026-06-25,Tunisia vs Netherlands,away,Netherlands,Virgil van Dijk,1,1,0,1,True
2026-06-25-tun-net,2026-06-25,Tunisia vs Netherlands,home,Tunisia,Ali Abdi,1,0,0,0,True
2026-06-25-tun-net,2026-06-25,Tunisia vs Netherlands,away,Netherlands,Nathan Aké,1,0,0,0,True
2026-06-25-tun-net,2026-06-25,Tunisia vs Netherlands,away,Netherlands,Frenkie de Jong,1,0,0,0,True
2026-06-25-uni-tur,2026-06-25,United States vs Turkey,home,United States,Auston Trusty,3,2,1,0,True
2026-06-25-uni-tur,2026-06-25,United States vs Turkey,home,United States,Christian Pulisic,3,2,0,0,False
2026-06-25-uni-tur,2026-06-25,United States vs Turkey,home,United States,Weston McKennie,3,1,0,0,True
2026-06-25-uni-tur,2026-06-25,United States vs Turkey,home,United States,Brenden Aaronson,3,1,0,0,True
2026-06-25-uni-tur,2026-06-25,United States vs Turkey,away,Türkiye,Orkun Kökçü,2,0,0,1,True
2026-06-25-uni-tur,2026-06-25,United States vs Turkey,away,Türkiye,Kenan Yildiz,2,0,0,0,True
2026-06-25-uni-tur,2026-06-25,United States vs Turkey,home,United States,Ricardo Pepi,2,0,0,0,True
2026-06-25-uni-tur,2026-06-25,United States vs Turkey,away,Türkiye,Baris Alper Yilmaz,1,1,1,1,True
2026-06-25-uni-tur,2026-06-25,United States vs Turkey,away,Türkiye,Arda Güler,1,1,1,0,True
2026-06-25-uni-tur,2026-06-25,United States vs Turkey,away,Türkiye,Kaan Ayhan,1,1,1,0,False
2026-06-25-uni-tur,2026-06-25,United States vs Turkey,home,United States,Sebastian Berhalter,1,1,1,1,True
2026-06-25-uni-tur,2026-06-25,United States vs Turkey,away,Türkiye,Abdülkerim Bardakçi,1,0,0,0,True
2026-06-25-uni-tur,2026-06-25,United States vs Turkey,away,Türkiye,Can Uzun,1,0,0,0,False
2026-06-25-uni-tur,2026-06-25,United States vs Turkey,home,United States,Miles Robinson,1,0,0,0,True
2026-06-25-uni-tur,2026-06-25,United States vs Turkey,home,United States,Giovanni Reyna,1,0,0,0,True
2026-06-25-uni-tur,2026-06-25,United States vs Turkey,home,United States,Alejandro Zendejas,1,0,0,0,False
2026-06-26-cap-sau,2026-06-26,Cape Verde vs Saudi Arabia,home,Cape Verde,Jamiro Monteiro,2,1,0,0,True
2026-06-26-cap-sau,2026-06-26,Cape Verde vs Saudi Arabia,home,Cape Verde,Kevin Pina,2,0,0,0,True
2026-06-26-cap-sau,2026-06-26,Cape Verde vs Saudi Arabia,home,Cape Verde,João Paulo,2,0,0,0,True
2026-06-26-cap-sau,2026-06-26,Cape Verde vs Saudi Arabia,home,Cape Verde,Willy Semedo,2,0,0,0,True
2026-06-26-cap-sau,2026-06-26,Cape Verde vs Saudi Arabia,home,Cape Verde,Laros Duarte,1,1,0,0,False
2026-06-26-cap-sau,2026-06-26,Cape Verde vs Saudi Arabia,away,Saudi Arabia,Mohamed Kanno,1,1,0,0,True
2026-06-26-cap-sau,2026-06-26,Cape Verde vs Saudi Arabia,away,Saudi Arabia,Mohammed Abu Al-Shamat,1,1,0,0,False
2026-06-26-cap-sau,2026-06-26,Cape Verde vs Saudi Arabia,away,Saudi Arabia,Abdullah Al-Hamdan,1,1,0,0,False
2026-06-26-cap-sau,2026-06-26,Cape Verde vs Saudi Arabia,home,Cape Verde,Pico Lopes,1,0,0,0,True
2026-06-26-cap-sau,2026-06-26,Cape Verde vs Saudi Arabia,home,Cape Verde,Wagner Pina,1,0,0,0,True
2026-06-26-cap-sau,2026-06-26,Cape Verde vs Saudi Arabia,home,Cape Verde,Deroy Duarte,1,0,0,0,True
2026-06-26-cap-sau,2026-06-26,Cape Verde vs Saudi Arabia,home,Cape Verde,Ryan Mendes,1,0,0,0,True
2026-06-26-cap-sau,2026-06-26,Cape Verde vs Saudi Arabia,home,Cape Verde,Garry Rodrigues,1,0,0,0,False
2026-06-26-cap-sau,2026-06-26,Cape Verde vs Saudi Arabia,home,Cape Verde,Nuno da Costa,1,0,0,0,False
2026-06-26-cap-sau,2026-06-26,Cape Verde vs Saudi Arabia,away,Saudi Arabia,Abdulelah Al-Amri,1,0,0,0,True
2026-06-26-cap-sau,2026-06-26,Cape Verde vs Saudi Arabia,away,Saudi Arabia,Saud Abdulhamid,1,0,0,0,True
2026-06-26-cap-sau,2026-06-26,Cape Verde vs Saudi Arabia,away,Saudi Arabia,Nasser Al-Dawsari,1,0,0,0,True
2026-06-26-cap-sau,2026-06-26,Cape Verde vs Saudi Arabia,away,Saudi Arabia,Salem Al-Dawsari,1,0,0,0,True
2026-06-26-egy-ira,2026-06-26,Egypt vs Iran,home,Egypt,Trézéguet,5,2,0,1,True
2026-06-26-egy-ira,2026-06-26,Egypt vs Iran,home,Egypt,Mahmoud Saber,3,1,1,0,True
2026-06-26-egy-ira,2026-06-26,Egypt vs Iran,away,Iran,Ramin Rezaeian,3,1,1,0,True
2026-06-26-egy-ira,2026-06-26,Egypt vs Iran,away,Iran,Mohammad Ghorbani,2,1,0,0,True
2026-06-26-egy-ira,2026-06-26,Egypt vs Iran,away,Iran,Mehdi Taremi,2,1,0,0,True
2026-06-26-egy-ira,2026-06-26,Egypt vs Iran,home,Egypt,Mohanad Lashin,2,0,0,0,True
2026-06-26-egy-ira,2026-06-26,Egypt vs Iran,away,Iran,Saeid Ezatolahi,2,0,0,0,True
2026-06-26-egy-ira,2026-06-26,Egypt vs Iran,away,Iran,Saman Ghoddos,2,0,0,0,True
2026-06-26-egy-ira,2026-06-26,Egypt vs Iran,away,Iran,Milad Mohammadi,1,1,0,0,True
2026-06-26-egy-ira,2026-06-26,Egypt vs Iran,home,Egypt,Mohamed Hany,1,0,0,0,True
2026-06-26-egy-ira,2026-06-26,Egypt vs Iran,home,Egypt,Mohamed Salah,1,0,0,0,True
2026-06-26-egy-ira,2026-06-26,Egypt vs Iran,home,Egypt,Mostafa Zico,1,0,0,0,True
2026-06-26-egy-ira,2026-06-26,Egypt vs Iran,home,Egypt,Omar Marmoush,1,0,0,0,False
2026-06-26-egy-ira,2026-06-26,Egypt vs Iran,home,Egypt,Zizo,1,0,0,0,False
2026-06-26-egy-ira,2026-06-26,Egypt vs Iran,away,Iran,Shoja Khalilzadeh,1,0,0,0,True
2026-06-26-new-bel,2026-06-26,New Zealand vs Belgium,away,Belgium,Kevin De Bruyne,7,2,1,0,True
2026-06-26-new-bel,2026-06-26,New Zealand vs Belgium,away,Belgium,Leandro Trossard,7,2,2,0,True
2026-06-26-new-bel,2026-06-26,New Zealand vs Belgium,away,Belgium,Arthur Theate,4,1,0,0,True
2026-06-26-new-bel,2026-06-26,New Zealand vs Belgium,home,New Zealand,Elijah Just,3,2,1,0,True
2026-06-26-new-bel,2026-06-26,New Zealand vs Belgium,away,Belgium,Maxim De Cuyper,2,1,0,0,True
2026-06-26-new-bel,2026-06-26,New Zealand vs Belgium,away,Belgium,Jérémy Doku,2,1,0,0,True
2026-06-26-new-bel,2026-06-26,New Zealand vs Belgium,away,Belgium,Alexis Saelemaekers,2,1,1,0,False
2026-06-26-new-bel,2026-06-26,New Zealand vs Belgium,away,Belgium,Hans Vanaken,2,0,0,1,True
2026-06-26-new-bel,2026-06-26,New Zealand vs Belgium,away,Belgium,Matias Fernandez-Pardo,2,0,0,0,False
2026-06-26-new-bel,2026-06-26,New Zealand vs Belgium,away,Belgium,Amadou Onana,2,0,0,0,False
2026-06-26-new-bel,2026-06-26,New Zealand vs Belgium,away,Belgium,Charles De Ketelaere,1,1,0,0,True
2026-06-26-new-bel,2026-06-26,New Zealand vs Belgium,away,Belgium,Romelu Lukaku,1,1,1,1,False
2026-06-26-new-bel,2026-06-26,New Zealand vs Belgium,home,New Zealand,Tyler Bindon,1,0,0,0,True
2026-06-26-new-bel,2026-06-26,New Zealand vs Belgium,home,New Zealand,Tim Payne,1,0,0,0,True
2026-06-26-new-bel,2026-06-26,New Zealand vs Belgium,home,New Zealand,Jesse Randall,1,0,0,0,False
2026-06-26-new-bel,2026-06-26,New Zealand vs Belgium,away,Belgium,Brandon Mechele,1,0,0,0,True
2026-06-26-new-bel,2026-06-26,New Zealand vs Belgium,away,Belgium,Timothy Castagne,1,0,0,0,True
2026-06-26-new-bel,2026-06-26,New Zealand vs Belgium,away,Belgium,Youri Tielemans,1,0,0,0,True
2026-06-26-nor-fra,2026-06-26,Norway vs France,away,France,Désiré Doué,4,3,1,0,True
2026-06-26-nor-fra,2026-06-26,Norway vs France,away,France,Kylian Mbappé,4,2,0,2,True
2026-06-26-nor-fra,2026-06-26,Norway vs France,away,France,Ousmane Dembélé,3,3,3,0,True
2026-06-26-nor-fra,2026-06-26,Norway vs France,away,France,Michael Olise,3,0,0,0,True
2026-06-26-nor-fra,2026-06-26,Norway vs France,home,Norway,Thelo Aasgaard,2,1,1,0,True
2026-06-26-nor-fra,2026-06-26,Norway vs France,home,Norway,Jørgen Strand Larsen,2,1,0,0,True
2026-06-26-nor-fra,2026-06-26,Norway vs France,home,Norway,Oscar Bobb,2,1,0,0,True
2026-06-26-nor-fra,2026-06-26,Norway vs France,away,France,Theo Hernández,2,0,0,0,True
2026-06-26-nor-fra,2026-06-26,Norway vs France,home,Norway,Kristian Thorstvedt,1,1,0,0,True
2026-06-26-nor-fra,2026-06-26,Norway vs France,away,France,Manu Koné,1,1,0,0,True
2026-06-26-nor-fra,2026-06-26,Norway vs France,home,Norway,Leo Østigard,1,0,0,0,True
2026-06-26-nor-fra,2026-06-26,Norway vs France,home,Norway,Fredrik Aursnes,1,0,0,0,True
2026-06-26-nor-fra,2026-06-26,Norway vs France,home,Norway,Patrick Berg,1,0,0,0,True
2026-06-26-nor-fra,2026-06-26,Norway vs France,away,France,Aurélien Tchouaméni,1,0,0,1,True
2026-06-26-sen-ira,2026-06-26,Senegal vs Iraq,home,Senegal,Pape Gueye,6,3,2,1,False
2026-06-26-sen-ira,2026-06-26,Senegal vs Iraq,home,Senegal,Sadio Mané,4,1,0,0,True
2026-06-26-sen-ira,2026-06-26,Senegal vs Iraq,away,Iraq,Ali Jasim,4,1,0,0,True
2026-06-26-sen-ira,2026-06-26,Senegal vs Iraq,home,Senegal,Ismaïla Sarr,3,2,1,1,True
2026-06-26-sen-ira,2026-06-26,Senegal vs Iraq,home,Senegal,Nicolas Jackson,3,2,0,0,False
2026-06-26-sen-ira,2026-06-26,Senegal vs Iraq,home,Senegal,Iliman Ndiaye,2,2,1,1,False
2026-06-26-sen-ira,2026-06-26,Senegal vs Iraq,home,Senegal,Habib Diarra,2,1,1,0,True
2026-06-26-sen-ira,2026-06-26,Senegal vs Iraq,home,Senegal,Abdoulaye Seck,2,0,0,1,True
2026-06-26-sen-ira,2026-06-26,Senegal vs Iraq,home,Senegal,Pathé Ciss,1,1,0,0,False
2026-06-26-sen-ira,2026-06-26,Senegal vs Iraq,home,Senegal,Moussa Niakhaté,1,0,0,0,True
2026-06-26-sen-ira,2026-06-26,Senegal vs Iraq,home,Senegal,Ismail Jakobs,1,0,0,0,True
2026-06-26-sen-ira,2026-06-26,Senegal vs Iraq,home,Senegal,Krépin Diatta,1,0,0,0,True
2026-06-26-sen-ira,2026-06-26,Senegal vs Iraq,home,Senegal,Idrissa Gueye,1,0,0,0,True
2026-06-26-sen-ira,2026-06-26,Senegal vs Iraq,home,Senegal,Lamine Camara,1,0,0,1,True
2026-06-26-sen-ira,2026-06-26,Senegal vs Iraq,away,Iraq,Merchas Doski,1,0,0,0,True
2026-06-26-sen-ira,2026-06-26,Senegal vs Iraq,away,Iraq,Kevin Yakob,1,0,0,0,False
2026-06-26-uru-spa,2026-06-26,Uruguay vs Spain,home,Uruguay,Nicolás de la Cruz,1,1,0,0,False
2026-06-26-uru-spa,2026-06-26,Uruguay vs Spain,away,Spain,Álex Baena,1,1,1,0,True
2026-06-26-uru-spa,2026-06-26,Uruguay vs Spain,home,Uruguay,Rodrigo Bentancur,1,0,0,0,True
2026-06-26-uru-spa,2026-06-26,Uruguay vs Spain,home,Uruguay,Agustín Canobbio,1,0,0,0,True
2026-06-26-uru-spa,2026-06-26,Uruguay vs Spain,home,Uruguay,Darwin Núñez,1,0,0,0,True
2026-06-26-uru-spa,2026-06-26,Uruguay vs Spain,home,Uruguay,Federico Viñas,1,0,0,0,False
2026-06-26-uru-spa,2026-06-26,Uruguay vs Spain,away,Spain,Pau Cubarsí,1,0,0,0,True
2026-06-26-uru-spa,2026-06-26,Uruguay vs Spain,away,Spain,Mikel Oyarzabal,1,0,0,0,True
2026-06-26-uru-spa,2026-06-26,Uruguay vs Spain,away,Spain,Lamine Yamal,1,0,0,0,True
2026-06-26-uru-spa,2026-06-26,Uruguay vs Spain,away,Spain,Dani Olmo,1,0,0,0,False
2026-06-26-uru-spa,2026-06-26,Uruguay vs Spain,away,Spain,Ferran Torres,1,0,0,0,False
2026-06-27-alg-aus,2026-06-27,Algeria vs Austria,home,Algeria,Riyad Mahrez,3,2,2,0,True
2026-06-27-alg-aus,2026-06-27,Algeria vs Austria,home,Algeria,Ibrahim Maza,3,1,0,0,True
2026-06-27-alg-aus,2026-06-27,Algeria vs Austria,home,Algeria,Farès Chaïbi,3,1,0,0,True
2026-06-27-alg-aus,2026-06-27,Algeria vs Austria,home,Algeria,Rafik Belghali,2,1,1,0,True
2026-06-27-alg-aus,2026-06-27,Algeria vs Austria,away,Austria,Nicolas Seiwald,2,0,0,0,True
2026-06-27-alg-aus,2026-06-27,Algeria vs Austria,away,Austria,Marko Arnautovic,1,1,1,0,True
2026-06-27-alg-aus,2026-06-27,Algeria vs Austria,away,Austria,Marcel Sabitzer,1,1,1,0,True
2026-06-27-alg-aus,2026-06-27,Algeria vs Austria,away,Austria,Sasa Kalajdzic,1,1,1,0,False
2026-06-27-alg-aus,2026-06-27,Algeria vs Austria,home,Algeria,Ramy Bensebaini,1,0,0,0,True
2026-06-27-alg-aus,2026-06-27,Algeria vs Austria,away,Austria,Philipp Lienhart,1,0,0,0,True
2026-06-27-alg-aus,2026-06-27,Algeria vs Austria,away,Austria,Phillipp Mwene,1,0,0,0,True
2026-06-27-alg-aus,2026-06-27,Algeria vs Austria,away,Austria,Romano Schmid,1,0,0,0,True
2026-06-27-alg-aus,2026-06-27,Algeria vs Austria,away,Austria,Xaver Schlager,1,0,0,0,True
2026-06-27-alg-aus,2026-06-27,Algeria vs Austria,away,Austria,Kevin Danso,1,0,0,0,False
2026-06-27-col-por,2026-06-27,Colombia vs Portugal,home,Colombia,Gustavo Puerta,4,1,0,0,True
2026-06-27-col-por,2026-06-27,Colombia vs Portugal,home,Colombia,Luis Díaz,4,0,0,0,True
2026-06-27-col-por,2026-06-27,Colombia vs Portugal,home,Colombia,Luis Suárez,4,0,0,0,False
2026-06-27-col-por,2026-06-27,Colombia vs Portugal,home,Colombia,Jhon Arias,3,2,0,0,True
2026-06-27-col-por,2026-06-27,Colombia vs Portugal,home,Colombia,James Rodríguez,3,1,0,0,True
2026-06-27-col-por,2026-06-27,Colombia vs Portugal,away,Portugal,Cristiano Ronaldo,3,1,0,0,True
2026-06-27-col-por,2026-06-27,Colombia vs Portugal,away,Portugal,João Félix,3,0,0,0,True
2026-06-27-col-por,2026-06-27,Colombia vs Portugal,home,Colombia,Jefferson Lerma,2,1,0,0,True
2026-06-27-col-por,2026-06-27,Colombia vs Portugal,home,Colombia,Jhon Córdoba,2,1,0,0,True
2026-06-27-col-por,2026-06-27,Colombia vs Portugal,away,Portugal,Bruno Fernandes,2,1,0,0,True
2026-06-27-col-por,2026-06-27,Colombia vs Portugal,away,Portugal,Rúben Neves,2,0,0,0,True
2026-06-27-col-por,2026-06-27,Colombia vs Portugal,home,Colombia,Davinson Sánchez,1,0,0,0,True
2026-06-27-col-por,2026-06-27,Colombia vs Portugal,home,Colombia,Richard Ríos,1,0,0,0,False
2026-06-27-col-por,2026-06-27,Colombia vs Portugal,away,Portugal,Vitinha ,1,0,0,0,True
2026-06-27-col-por,2026-06-27,Colombia vs Portugal,away,Portugal,Rafael Leão,1,0,0,0,False
2026-06-27-col-por,2026-06-27,Colombia vs Portugal,away,Portugal,Diogo Dalot,1,0,0,0,False
2026-06-27-cro-gha,2026-06-27,Croatia vs Ghana,home,Croatia,Nikola Vlasic,2,1,1,0,True
2026-06-27-cro-gha,2026-06-27,Croatia vs Ghana,home,Croatia,Mario Pasalic,2,1,0,0,False
2026-06-27-cro-gha,2026-06-27,Croatia vs Ghana,away,Ghana,Fatawu Issahaku,2,0,0,0,False
2026-06-27-cro-gha,2026-06-27,Croatia vs Ghana,home,Croatia,Ivan Perisic,1,1,0,0,True
2026-06-27-cro-gha,2026-06-27,Croatia vs Ghana,home,Croatia,Petar Sucic,1,1,1,0,True
2026-06-27-cro-gha,2026-06-27,Croatia vs Ghana,away,Ghana,Derrick Luckassen,1,1,1,0,True
2026-06-27-cro-gha,2026-06-27,Croatia vs Ghana,home,Croatia,Marin Pongracic,1,0,0,0,True
2026-06-27-cro-gha,2026-06-27,Croatia vs Ghana,home,Croatia,Mateo Kovacic,1,0,0,1,True
2026-06-27-cro-gha,2026-06-27,Croatia vs Ghana,away,Ghana,Marvin Senaya,1,0,0,0,True
2026-06-27-cro-gha,2026-06-27,Croatia vs Ghana,away,Ghana,Kamaldeen Sulemana,1,0,0,0,True
2026-06-27-cro-gha,2026-06-27,Croatia vs Ghana,away,Ghana,Antoine Semenyo,1,0,0,0,True
2026-06-27-drc-uzb,2026-06-27,DR Congo vs Uzbekistan,home,Congo DR,Yoane Wissa,6,2,2,0,True
2026-06-27-drc-uzb,2026-06-27,DR Congo vs Uzbekistan,home,Congo DR,Fiston Mayele,5,1,1,0,False
2026-06-27-drc-uzb,2026-06-27,DR Congo vs Uzbekistan,home,Congo DR,Brian Cipenga,3,0,0,0,True
2026-06-27-drc-uzb,2026-06-27,DR Congo vs Uzbekistan,away,Uzbekistan,Eldor Shomurodov,2,1,1,0,True
2026-06-27-drc-uzb,2026-06-27,DR Congo vs Uzbekistan,home,Congo DR,Nathanaël Mbuku,1,1,0,0,True
2026-06-27-drc-uzb,2026-06-27,DR Congo vs Uzbekistan,home,Congo DR,Chancel Mbemba,1,0,0,0,True
2026-06-27-drc-uzb,2026-06-27,DR Congo vs Uzbekistan,home,Congo DR,Ngal'ayel Mukau,1,0,0,0,False
2026-06-27-drc-uzb,2026-06-27,DR Congo vs Uzbekistan,home,Congo DR,Meschack Elia,1,0,0,1,False
2026-06-27-drc-uzb,2026-06-27,DR Congo vs Uzbekistan,home,Congo DR,Théo Bongonda,1,0,0,0,False
2026-06-27-drc-uzb,2026-06-27,DR Congo vs Uzbekistan,away,Uzbekistan,Abbosbek Fayzullaev,1,0,0,0,True
2026-06-27-jor-arg,2026-06-27,Jordan vs Argentina,away,Argentina,Lautaro Martínez,3,1,1,0,True
2026-06-27-jor-arg,2026-06-27,Jordan vs Argentina,home,Jordan,Mousa Al-Tamari,2,1,1,0,False
2026-06-27-jor-arg,2026-06-27,Jordan vs Argentina,away,Argentina,Lionel Messi,2,1,1,0,False
2026-06-27-jor-arg,2026-06-27,Jordan vs Argentina,away,Argentina,Giovani Lo Celso,1,1,1,0,True
2026-06-27-jor-arg,2026-06-27,Jordan vs Argentina,away,Argentina,Julián Álvarez,1,1,0,0,True
2026-06-27-jor-arg,2026-06-27,Jordan vs Argentina,home,Jordan,Mohannad Abu Taha,1,0,0,0,True
2026-06-27-jor-arg,2026-06-27,Jordan vs Argentina,home,Jordan,Odeh Fakhoury,1,0,0,0,True
2026-06-27-jor-arg,2026-06-27,Jordan vs Argentina,home,Jordan,Ali Azaizeh,1,0,0,0,True
2026-06-27-jor-arg,2026-06-27,Jordan vs Argentina,away,Argentina,Marcos Senesi,1,0,0,0,True
2026-06-27-jor-arg,2026-06-27,Jordan vs Argentina,away,Argentina,Nicolás Otamendi,1,0,0,0,True
2026-06-27-jor-arg,2026-06-27,Jordan vs Argentina,away,Argentina,Nico Paz,1,0,0,0,True
2026-06-27-jor-arg,2026-06-27,Jordan vs Argentina,away,Argentina,José Manuel López,1,0,0,0,False
2026-06-27-jor-arg,2026-06-27,Jordan vs Argentina,away,Argentina,Thiago Almada,1,0,0,0,False
2026-06-27-pan-eng,2026-06-27,Panama vs England,away,England,Marcus Rashford,5,1,0,0,True
2026-06-27-pan-eng,2026-06-27,Panama vs England,home,Panama,Ismael Díaz,4,0,0,0,False
2026-06-27-pan-eng,2026-06-27,Panama vs England,away,England,Harry Kane,3,2,1,0,True
2026-06-27-pan-eng,2026-06-27,Panama vs England,away,England,Bukayo Saka,3,0,0,1,True
2026-06-27-pan-eng,2026-06-27,Panama vs England,home,Panama,José Luis Rodríguez,2,1,0,0,True
2026-06-27-pan-eng,2026-06-27,Panama vs England,away,England,Jude Bellingham,2,1,1,1,True
2026-06-27-pan-eng,2026-06-27,Panama vs England,home,Panama,Amir Murillo,2,0,0,0,True
2026-06-27-pan-eng,2026-06-27,Panama vs England,home,Panama,Carlos Harvey,2,0,0,0,True
2026-06-27-pan-eng,2026-06-27,Panama vs England,home,Panama,Tomás Rodríguez,1,1,0,0,True
2026-06-27-pan-eng,2026-06-27,Panama vs England,away,England,Elliot Anderson,1,1,0,0,True
2026-06-27-pan-eng,2026-06-27,Panama vs England,away,England,Noni Madueke,1,1,0,0,False
2026-06-27-pan-eng,2026-06-27,Panama vs England,home,Panama,Éric Davis,1,0,0,0,False
2026-06-27-pan-eng,2026-06-27,Panama vs England,home,Panama,Azarias Londoño,1,0,0,0,False
2026-06-27-pan-eng,2026-06-27,Panama vs England,away,England,Nico O'Reilly,1,0,0,0,True
2026-06-27-pan-eng,2026-06-27,Panama vs England,away,England,Eberechi Eze,1,0,0,0,False
